aficionado_id,sesiones_totales,duracion_media_min,pantallas_totales,gasto_total_eur,tasa_apertura_notif
AF-00518C1731,370,8.094090909090909,479.0,102.13000000000001,0.6844660194174758
AF-00AF58751E,108,4.6247727272727275,278.0,0.0,0.35096153846153844
AF-00BC714C5D,333,9.297272727272727,570.0,67.25,0.6111111111111112
AF-00FA2D2BC6,139,5.026136363636364,309.0,0.0,0.325
AF-00FE5CFD46,71,3.8720454545454546,227.0,4.39,0.21634615384615385
AF-0111738FFA,86,3.832045454545455,246.0,0.0,0.21212121212121213
AF-015C0ED11F,10,0.8347727272727272,45.0,0.0,0.07179487179487179
AF-027ECD0846,125,5.016363636363637,299.0,0.0,0.3194444444444444
AF-02A35A9D15,270,7.465227272727272,450.0,72.42,0.463519313304721
AF-02A7FBB908,45,3.7027272727272726,239.0,0.0,0.15454545454545454
AF-02BDD3D00F,325,7.132499999999999,447.0,36.27,0.5362318840579711
AF-02C82EFF49,146,5.775681818181818,345.0,0.0,0.24561403508771928
AF-0310578487,90,5.2102272727272725,337.0,31.97,0.2831858407079646
AF-03762F3BB4,4,0.4706818181818182,29.0,0.0,0.0
AF-03D31D32D1,202,5.359318181818182,315.0,145.38,0.38666666666666666
AF-03D405D2E1,387,9.13090909090909,575.0,179.12,0.604
AF-03D634CA98,103,4.602045454545455,308.0,24.27,0.26976744186046514
AF-04C6D6F217,321,8.076363636363636,506.0,138.05,0.5914893617021276
AF-04D0F10B98,95,5.555227272727273,349.0,58.52,0.26126126126126126
AF-04DBEBA3C5,340,7.4602272727272725,447.0,45.14,0.5384615384615384
AF-04F75F1049,75,3.860909090909091,261.0,0.0,0.18604651162790697
AF-051D3F8133,315,8.281590909090909,525.0,76.15,0.5119617224880383
AF-0548D864AE,32,1.4722727272727274,74.0,0.0,0.1134020618556701
AF-054EFC40AB,114,5.265681818181818,315.0,0.0,0.28205128205128205
AF-059CA66583,69,3.745,254.0,0.0,0.19607843137254902
AF-05B986C441,298,7.982272727272728,528.0,35.6,0.5915492957746479
AF-0604916F82,404,10.633636363636363,657.0,46.67,0.6891891891891891
AF-063725924D,342,7.5011363636363635,447.0,30.580000000000002,0.5357142857142857
AF-063B0A5E2C,72,4.225909090909091,274.0,0.0,0.215311004784689
AF-064EE74A7A,341,7.1625000000000005,427.0,130.60999999999999,0.536697247706422
AF-06744EFE5F,377,9.463636363636363,602.0,181.73,0.5801886792452831
AF-06953068FD,321,7.820681818181819,447.0,11.17,0.5688888888888889
AF-06B85A6B73,346,8.438636363636364,557.0,0.0,0.5953488372093023
AF-06E796FFEA,409,10.356818181818182,648.0,127.33,0.6272727272727273
AF-076E09C67B,289,7.766590909090909,490.0,0.0,0.5048543689320388
AF-07F9EEAB2B,342,8.661818181818182,496.0,95.15,0.6
AF-084100F6BA,124,5.074545454545454,332.0,59.84,0.2608695652173913
AF-0854353552,273,7.046590909090909,457.0,185.86999999999998,0.4424778761061947
AF-0895EDF174,96,4.525227272727273,297.0,0.0,0.252212389380531
AF-08AE35D132,201,6.445454545454546,380.0,0.0,0.38396624472573837
AF-0931741F2F,116,4.988409090909091,338.0,0.0,0.29777777777777775
AF-098A269628,432,10.040454545454546,610.0,50.080000000000005,0.6467661691542289
AF-09BA2BDDC8,121,5.214772727272727,315.0,68.66,0.32338308457711445
AF-09F8233C0A,139,5.260909090909091,352.0,7.84,0.3177570093457944
AF-0A5B837F85,181,5.675681818181818,350.0,0.0,0.388646288209607
AF-0B4AC5DB6A,143,5.514772727272727,322.0,0.0,0.33962264150943394
AF-0BB1EECB70,168,5.361136363636364,325.0,95.45,0.4043478260869565
AF-0BB77388F8,7,0.6045454545454546,29.0,0.0,0.024875621890547265
AF-0BE48FF27F,406,9.01659090909091,576.0,2.27,0.6481481481481481
AF-0C4E00E7E1,140,4.973181818181818,293.0,12.22,0.2895927601809955
AF-0C9CC4E4EE,311,8.083181818181817,475.0,94.52,0.5118483412322274
AF-0CA63A9E97,85,4.077272727272727,299.0,0.0,0.26244343891402716
AF-0CA96F5218,349,8.982045454545455,574.0,51.17,0.5752212389380531
AF-0CB4F643E4,108,5.212727272727272,293.0,29.02,0.3148936170212766
AF-0CB99E2C3D,86,4.112727272727273,259.0,0.0,0.21818181818181817
AF-0D057E3DE5,11,0.6543181818181818,48.0,0.0,0.029850746268656716
AF-0D4054E384,413,8.847272727272726,548.0,173.99,0.6228070175438597
AF-0D781ADF95,153,6.053181818181818,366.0,0.0,0.3835616438356164
AF-0DA851833C,23,1.4186363636363637,92.0,0.0,0.11055276381909548
AF-0DFE1A6CDC,125,4.781136363636364,274.0,0.0,0.2925764192139738
AF-0E7B8E023C,420,9.44,586.0,130.86,0.6666666666666666
AF-0ED9E9E99B,7,0.6384090909090909,40.0,0.0,0.056818181818181816
AF-0EDCAE5ACC,386,9.61840909090909,606.0,246.71,0.5990783410138248
AF-0EF78F399C,4,0.3195454545454546,17.0,0.0,0.018404907975460124
AF-0F2D8761CA,311,9.586590909090908,574.0,98.69,0.6
AF-0FCB0832DC,385,7.202045454545455,430.0,43.67,0.5809128630705395
AF-0FDA4033C8,118,6.025454545454545,407.0,178.82,0.3076923076923077
AF-0FEF8001D4,97,4.294772727272727,253.0,0.0,0.27699530516431925
AF-1026E625A3,388,7.469545454545455,432.0,76.51,0.5605381165919282
AF-109665EFBB,168,6.981363636363636,406.0,9.14,0.33771929824561403
AF-10CB24817B,98,4.0434090909090905,232.0,0.0,0.2857142857142857
AF-11372DB658,25,1.7359090909090908,120.0,0.0,0.06735751295336788
AF-118042060B,55,3.3909090909090907,200.0,0.0,0.21621621621621623
AF-12623AE27D,324,7.958409090909091,501.0,48.58,0.5485436893203883
AF-12B11DAE37,266,8.913409090909092,473.0,13.3,0.4787234042553192
AF-12FA143294,375,10.17681818181818,587.0,92.78999999999999,0.6604651162790698
AF-130B2A515C,308,7.267499999999999,452.0,175.44,0.5167464114832536
AF-132738D11C,42,1.8120454545454547,101.0,21.97,0.14893617021276595
AF-13AA254FED,76,4.391136363636364,270.0,0.0,0.23671497584541062
AF-1414D8F783,319,8.324545454545454,545.0,121.79,0.4889867841409692
AF-143CB2A0E2,336,8.6525,511.0,62.379999999999995,0.5714285714285714
AF-144466BB86,29,2.5020454545454545,159.0,0.0,0.12105263157894737
AF-1474CF8C01,8,0.6247727272727274,56.0,0.0,0.04784688995215311
AF-14C1F00E40,359,8.19409090909091,507.0,45.69,0.6176470588235294
AF-1578816274,395,11.08181818181818,726.0,118.64000000000001,0.6299559471365639
AF-15816AB56F,279,7.626818181818181,473.0,68.13,0.4636363636363636
AF-158AEACECF,142,5.881818181818182,357.0,56.26,0.30165289256198347
AF-15E29CC1AE,374,8.664772727272727,506.0,85.9,0.6212121212121212
AF-1628E653BD,328,7.2475,433.0,14.39,0.4854771784232365
AF-1638AB16C0,36,1.6761363636363635,131.0,0.0,0.13089005235602094
AF-17229F8639,390,8.936363636363636,581.0,118.66999999999999,0.5535714285714286
AF-175D5B9CC0,90,4.256136363636364,278.0,0.0,0.23756906077348067
AF-176304C7EC,312,7.282045454545454,456.0,45.11,0.6008064516129032
AF-17BAD2C4FA,273,7.694999999999999,553.0,80.83,0.3612565445026178
AF-17D1B3DB60,452,9.617954545454545,568.0,107.25999999999999,0.6470588235294118
AF-17D4FD15EC,33,1.908409090909091,124.0,0.0,0.06432748538011696
AF-1861F92B84,8,0.5977272727272728,42.0,0.0,0.05759162303664921
AF-18C71B74AF,31,1.6706818181818184,112.0,0.0,0.12365591397849462
AF-18E12F0877,113,4.524090909090909,264.0,0.0,0.24120603015075376
AF-18E8F708B2,320,9.120681818181819,574.0,77.53999999999999,0.5980392156862745
AF-190D14C94B,36,2.125681818181818,145.0,0.0,0.11822660098522167
AF-19A52AA62C,126,4.527954545454545,282.0,108.0,0.31277533039647576
AF-19B9406F5D,291,8.763409090909091,560.0,49.1,0.5046296296296297
AF-19D6808718,95,3.9774999999999996,272.0,78.07,0.26582278481012656
AF-19E26A1D9B,354,9.098863636363637,529.0,0.0,0.6009389671361502
AF-1A078F03DE,266,7.085,493.0,37.66,0.4292929292929293
AF-1A96AEB0B6,397,9.089545454545455,584.0,0.0,0.695
AF-1ADD769D07,91,4.883636363636364,301.0,63.17,0.273972602739726
AF-1B0CD3857E,5,0.3552272727272727,19.0,0.0,0.016304347826086956
AF-1B195FCA16,345,9.0425,527.0,86.99000000000001,0.6268656716417911
AF-1B37904844,137,4.903863636363637,293.0,0.0,0.325
AF-1B80BD0EEF,146,5.112045454545455,316.0,0.0,0.27751196172248804
AF-1CB7246457,75,3.875681818181818,241.0,2.92,0.1895734597156398
AF-1CF8D4F535,112,4.32,279.0,0.0,0.36401673640167365
AF-1CFB2E5001,257,7.869772727272727,490.0,24.19,0.4482758620689655
AF-1D477AE65D,60,3.4279545454545453,219.0,0.0,0.15458937198067632
AF-1D6745E098,10,0.4218181818181818,19.0,0.0,0.029940119760479042
AF-1DE6615CB1,352,8.874545454545455,571.0,64.47,0.652542372881356
AF-1E19BCA10C,356,8.401363636363635,519.0,25.23,0.5502645502645502
AF-1E2E07EE37,165,5.738636363636363,350.0,104.57,0.31363636363636366
AF-1E52CA2E4F,124,4.3975,281.0,0.0,0.2679425837320574
AF-1E7698366F,9,0.48386363636363633,29.0,0.0,0.029239766081871343
AF-1EB6FB5CE7,256,7.8931818181818185,503.0,20.39,0.49327354260089684
AF-1EBC6DF383,388,9.277045454545455,598.0,41.5,0.6607142857142857
AF-1ED2719FF6,8,0.8863636363636364,53.0,0.0,0.06532663316582915
AF-1F0102AF9E,194,5.471590909090909,334.0,26.78,0.3789954337899543
AF-1FE768FF76,84,4.432727272727273,257.0,0.0,0.3193717277486911
AF-209893DA06,83,4.150681818181818,248.0,15.33,0.24644549763033174
AF-20A9CA7871,87,4.344545454545455,285.0,0.0,0.28502415458937197
AF-20E590D37E,107,5.326136363636364,307.0,0.0,0.29411764705882354
AF-20F26FED39,8,0.4777272727272727,28.0,0.0,0.05
AF-210A4263F3,127,5.168636363636364,322.0,35.89,0.324468085106383
AF-212B327B44,11,0.7004545454545454,43.0,0.0,0.03260869565217391
AF-2135549A0A,50,3.382727272727273,179.0,15.91,0.23873873873873874
AF-2256C2ABFF,351,8.532954545454546,509.0,125.07,0.6052631578947368
AF-228374CD90,329,8.32409090909091,504.0,0.0,0.5348837209302325
AF-22943BFCEF,135,4.505681818181818,299.0,0.0,0.3148148148148148
AF-22A56BDD5F,424,10.866818181818182,664.0,81.25,0.6428571428571429
AF-22BA54B7D7,76,4.004545454545454,237.0,0.0,0.17616580310880828
AF-22BCC89F0E,41,2.1834090909090906,139.0,0.0,0.1339712918660287
AF-22BE0089F9,287,9.952272727272726,649.0,15.07,0.5625
AF-2373DEFEFF,361,6.800454545454545,440.0,57.96,0.625
AF-23766020C5,146,5.172045454545454,291.0,18.13,0.34285714285714286
AF-23E7CD97FB,197,6.321818181818182,400.0,25.15,0.37109375
AF-2424356104,181,6.554090909090909,409.0,64.32000000000001,0.34051724137931033
AF-24B8528E33,132,4.970909090909091,307.0,77.19,0.2436548223350254
AF-24C5F81B6B,14,1.4611363636363635,100.0,0.0,0.046153846153846156
AF-25AC913C63,164,4.453181818181818,254.0,34.22,0.34615384615384615
AF-25C1C84C96,359,10.223863636363637,615.0,100.67,0.6635071090047393
AF-25D59959DF,401,10.347272727272728,659.0,7.45,0.6097560975609756
AF-2628656763,240,6.721590909090909,409.0,141.01,0.45622119815668205
AF-2628BC21AE,218,6.075,363.0,131.59,0.37727272727272726
AF-262CEEA441,331,8.235909090909091,503.0,119.94,0.5463414634146342
AF-26725729A2,289,8.021818181818183,478.0,15.06,0.509090909090909
AF-2672CB72CB,121,5.78590909090909,405.0,0.0,0.36363636363636365
AF-26CA954AD3,353,8.527727272727274,562.0,14.77,0.5429864253393665
AF-2709F3A6AE,140,5.297954545454545,367.0,0.0,0.3744075829383886
AF-2716298DF0,423,10.887045454545456,657.0,41.25,0.7644230769230769
AF-2766DA3912,89,4.570909090909091,297.0,57.86,0.24537037037037038
AF-2773ADC12A,366,8.281590909090909,525.0,32.15,0.5647668393782384
AF-27800CCF31,9,0.9445454545454546,48.0,0.0,0.08791208791208792
AF-27842FC71B,137,6.239090909090908,425.0,23.740000000000002,0.3033175355450237
AF-279F89F604,7,0.4527272727272727,23.0,0.0,0.04046242774566474
AF-27EBA3089B,15,1.3881818181818182,84.0,0.0,0.0546448087431694
AF-28139FE225,122,4.179318181818181,261.0,7.09,0.2608695652173913
AF-2815D39260,283,8.99840909090909,553.0,48.379999999999995,0.5176991150442478
AF-28802517C2,136,5.738409090909091,345.0,0.0,0.3087557603686636
AF-288B7E21E6,349,8.304318181818182,541.0,23.67,0.5520361990950227
AF-28ABDB39A6,346,9.192727272727273,618.0,62.2,0.6175115207373272
AF-28F2950862,4,0.3140909090909091,21.0,0.0,0.022857142857142857
AF-2942AC1745,336,8.40409090909091,491.0,4.81,0.6347826086956522
AF-2943D09E9B,389,9.91090909090909,617.0,98.62,0.5981735159817352
AF-2960F24BB7,40,2.7613636363636362,196.0,0.0,0.145
AF-29857A14B8,120,5.286818181818182,333.0,86.38,0.3287671232876712
AF-29C3C53493,165,5.262045454545454,330.0,0.0,0.3815789473684211
AF-29C3EECA07,385,10.1575,638.0,241.92000000000002,0.7073170731707317
AF-2A695FC7CF,39,1.9361363636363635,113.0,0.0,0.11330049261083744
AF-2A8FDD834A,295,7.3784090909090905,446.0,182.68,0.5258964143426295
AF-2AC349106C,287,7.571136363636364,454.0,137.72,0.5235849056603774
AF-2AE3C11A5A,360,9.754318181818181,566.0,86.34,0.5373831775700935
AF-2B0497B464,338,8.16909090909091,508.0,73.05,0.568075117370892
AF-2B3AB5061B,21,1.9502272727272727,99.0,0.0,0.08771929824561403
AF-2C5E0CD6CB,348,10.820454545454545,665.0,14.07,0.5953488372093023
AF-2C73FA4BD9,236,7.078181818181818,443.0,123.42,0.5435684647302904
AF-2C86A8F215,303,6.227045454545455,380.0,92.57,0.4908256880733945
AF-2C88736DDF,149,5.264545454545455,319.0,134.74,0.3024390243902439
AF-2CFBB16FDC,361,7.667045454545455,470.0,44.23,0.5990338164251208
AF-2D0C7858B3,9,0.6463636363636364,27.0,0.0,0.04145077720207254
AF-2D0CAF1507,384,9.579318181818183,596.0,0.0,0.6495327102803738
AF-2D318F03BF,9,0.858409090909091,60.0,0.0,0.055248618784530384
AF-2D617E94B7,256,8.114090909090908,461.0,46.480000000000004,0.4888888888888889
AF-2DD887D95A,375,9.915227272727272,600.0,26.66,0.5980861244019139
AF-2E38C94BD4,83,4.2088636363636365,267.0,0.0,0.23873873873873874
AF-2F95F1C24B,377,7.813181818181818,487.0,42.69,0.5892857142857143
AF-2FB03E3AE9,107,4.315227272727273,280.0,28.25,0.2747747747747748
AF-3005BC14AD,97,5.180909090909091,297.0,2.89,0.27319587628865977
AF-30342EA8A4,12,0.9777272727272727,61.0,0.0,0.03125
AF-30873AE9E8,294,7.840454545454546,509.0,95.37,0.5169082125603864
AF-30BA329EAB,74,4.326363636363636,263.0,0.0,0.2222222222222222
AF-30BE22DFD7,112,4.704090909090909,305.0,5.71,0.3383838383838384
AF-3120763946,48,3.4545454545454546,215.0,0.0,0.18143459915611815
AF-313D47FAE8,66,3.1806818181818177,192.0,0.0,0.2019704433497537
AF-314BAC5A5F,122,4.691818181818181,264.0,0.0,0.29130434782608694
AF-314C770EEA,87,3.918636363636364,264.0,0.0,0.2606837606837607
AF-31846F2740,129,5.767727272727273,329.0,74.78999999999999,0.334841628959276
AF-31A188280B,277,7.744318181818182,508.0,125.52000000000001,0.5493562231759657
AF-31D143245D,312,8.146590909090909,529.0,18.92,0.5592417061611374
AF-32A91B7529,132,5.539545454545455,332.0,0.55,0.34418604651162793
AF-32B6B8F809,302,8.314545454545454,536.0,221.35,0.5161290322580645
AF-32CBDF5462,334,10.612499999999999,634.0,10.57,0.5458715596330275
AF-333B9067DB,185,5.685227272727273,367.0,3.14,0.4444444444444444
AF-3371C210A8,156,5.979318181818181,371.0,110.13,0.3537117903930131
AF-33757C42FE,296,7.692954545454546,456.0,69.11,0.5432692307692307
AF-33F3C6A6EB,199,6.614318181818181,448.0,15.47,0.4434389140271493
AF-343DA5D07A,341,8.108863636363637,504.0,25.24,0.5581395348837209
AF-344FFC8646,96,4.608181818181818,269.0,0.0,0.25116279069767444
AF-3481B694D0,78,5.043181818181818,314.0,0.0,0.26406926406926406
AF-34A6D1DFE1,306,8.547045454545454,580.0,50.28,0.5040650406504065
AF-34F4154B2A,342,7.874318181818182,459.0,141.39,0.5466101694915254
AF-363F6CA59D,292,7.706136363636364,501.0,31.88,0.4553191489361702
AF-3650CA33C1,367,9.400681818181818,564.0,34.65,0.62
AF-3657255DA5,396,9.81,605.0,202.53,0.675
AF-3670E00446,311,9.38159090909091,507.0,40.99,0.5158371040723982
AF-3769394122,146,5.3725,320.0,0.0,0.34418604651162793
AF-37BE65B678,55,3.151590909090909,220.0,0.0,0.12935323383084577
AF-388E6F4188,311,9.489318181818183,624.0,122.50999999999999,0.494949494949495
AF-38C2B6EB67,319,9.784090909090908,631.0,87.96000000000001,0.5041666666666667
AF-38D0EEF4F8,412,10.011136363636364,660.0,180.23000000000002,0.5772727272727273
AF-39084F7A21,239,7.040454545454545,479.0,42.98,0.42081447963800905
AF-394723D4CA,450,8.901136363636363,569.0,142.06,0.7004830917874396
AF-396B804EB7,360,8.976590909090909,570.0,12.33,0.5420560747663551
AF-39AB1EBECF,10,1.0231818181818182,55.0,0.0,0.06451612903225806
AF-39E8D4984E,376,8.141818181818183,482.0,0.0,0.6167400881057269
AF-3A22B90256,18,1.3688636363636364,77.0,0.0,0.057692307692307696
AF-3A97ABB22B,279,7.399545454545454,445.0,1.45,0.5240174672489083
AF-3AF0E48B90,333,9.202727272727273,581.0,118.24,0.6292682926829268
AF-3B299DF653,414,12.869545454545454,835.0,20.63,0.6476683937823834
AF-3C8BF629BC,451,9.884545454545455,609.0,80.18,0.7209302325581395
AF-3D1827CA97,133,5.546136363636363,340.0,0.0,0.26666666666666666
AF-3D8B6C1E09,240,6.751818181818181,436.0,0.0,0.4375
AF-3DECBCDD7A,290,8.424090909090909,498.0,70.33,0.5226130653266332
AF-3E2E4F6732,215,7.184545454545455,430.0,225.35999999999999,0.3963963963963964
AF-3E62E6665C,71,3.3963636363636365,224.0,31.73,0.2361111111111111
AF-3E6A03AEB3,81,4.230227272727273,271.0,48.83,0.2982456140350877
AF-3E86F37048,210,6.307954545454546,398.0,35.88,0.375609756097561
AF-3EB5B4557D,5,0.5209090909090909,30.0,0.0,0.02617801047120419
AF-3EC455D7F5,363,7.964772727272727,516.0,9.93,0.5065502183406113
AF-3F4151907A,62,3.505,234.0,0.0,0.16113744075829384
AF-3F4CB2F03C,283,8.419772727272727,516.0,9.06,0.5607476635514018
AF-3F7F9DC5F1,4,0.3593181818181818,21.0,0.0,0.03260869565217391
AF-402AD584CD,130,4.641363636363637,292.0,0.0,0.3053097345132743
AF-40CB095453,295,8.331136363636363,532.0,63.32,0.5131578947368421
AF-4102267151,367,9.44090909090909,586.0,83.17,0.6061946902654868
AF-41088CF5D8,225,6.257954545454546,386.0,34.55,0.42792792792792794
AF-410E6E8E11,169,4.916590909090909,325.0,3.92,0.39436619718309857
AF-411A35070F,10,0.8277272727272728,48.0,0.0,0.06382978723404255
AF-411CCC972A,167,6.037045454545455,388.0,54.34,0.3481781376518219
AF-41551BABE4,430,9.647045454545456,597.0,90.75,0.7211538461538461
AF-4168AD29C5,194,6.180454545454546,363.0,0.0,0.42272727272727273
AF-41C7FA0A20,129,5.448636363636364,322.0,0.0,0.3285024154589372
AF-41E7C879CB,421,9.629545454545454,607.0,86.03,0.6125
AF-4365D154DA,80,3.644090909090909,217.0,0.0,0.24761904761904763
AF-436CF88C5F,18,1.1768181818181818,70.0,0.0,0.04736842105263158
AF-43BA9BE1C9,403,8.42159090909091,525.0,107.64999999999999,0.7393364928909952
AF-43EE528EDF,102,3.8306818181818185,253.0,50.08,0.2561576354679803
AF-445D60A9A5,282,6.696590909090909,444.0,45.5,0.5045454545454545
AF-450CD59F6A,160,5.166363636363636,300.0,26.16,0.33739837398373984
AF-4534C1FDBB,161,5.9725,371.0,0.0,0.3416666666666667
AF-456DBCBD82,21,1.2647727272727272,68.0,0.0,0.09375
AF-458AB9E5A2,208,7.228409090909091,453.0,65.27,0.40654205607476634
AF-45C9E33A76,268,7.721136363636364,472.0,0.0,0.465
AF-45E34ED468,441,9.473863636363635,612.0,27.96,0.6683417085427136
AF-46EC0EE389,16,1.0195454545454545,60.0,0.0,0.04678362573099415
AF-4751412723,285,7.611363636363635,512.0,18.79,0.5945945945945946
AF-4786E9AFE4,370,8.241136363636365,502.0,50.43,0.6
AF-47DD2669D9,371,8.949545454545454,536.0,65.02000000000001,0.5775862068965517
AF-483CA29082,256,6.716590909090908,381.0,61.67,0.4224137931034483
AF-4873F34A84,355,7.440681818181818,437.0,83.57,0.6329113924050633
AF-4964E872B3,14,1.3136363636363635,78.0,0.0,0.10396039603960396
AF-4977F3B974,316,7.9372727272727275,485.0,44.04,0.5062761506276151
AF-49783091D1,95,3.9829545454545454,254.0,0.0,0.2132701421800948
AF-499A26AB8C,112,5.079090909090909,305.0,3.85,0.2675438596491228
AF-499D2E6E40,100,5.133409090909091,342.0,0.0,0.27522935779816515
AF-49B98FC918,147,5.551363636363636,329.0,0.0,0.3574660633484163
AF-49C5626CAB,142,4.232727272727273,280.0,0.0,0.3627906976744186
AF-4A4B564F27,75,5.239318181818182,299.0,108.68,0.24019607843137256
AF-4A4C86C7A3,54,3.6345454545454543,199.0,37.37,0.2590909090909091
AF-4A5049FDAB,161,5.432954545454546,349.0,14.39,0.35353535353535354
AF-4A517DC606,23,2.049318181818182,117.0,0.0,0.13966480446927373
AF-4A556848A6,178,6.485681818181818,385.0,99.9,0.39737991266375544
AF-4A63AFC2B0,330,7.528181818181818,466.0,183.22,0.6043478260869565
AF-4A902DE8AB,325,7.019090909090909,436.0,20.66,0.6071428571428571
AF-4A93FE6190,220,7.5425,437.0,25.43,0.4458874458874459
AF-4ACB7D54DA,432,9.446818181818182,621.0,60.7,0.645933014354067
AF-4AFBC4265B,133,6.27340909090909,354.0,24.58,0.31877729257641924
AF-4B05943E7E,74,3.9695454545454543,239.0,0.0,0.25
AF-4BC871B236,88,3.5388636363636365,204.0,0.0,0.2926829268292683
AF-4C7273FFED,30,1.7847727272727274,113.0,0.0,0.11917098445595854
AF-4C8F46E88C,300,7.801818181818181,466.0,91.31,0.5608695652173913
AF-4D054E41A1,357,8.475454545454546,500.0,103.80000000000001,0.589622641509434
AF-4D11665E35,87,4.844318181818182,289.0,0.0,0.3047619047619048
AF-4DCFDC2E87,373,9.147272727272728,530.0,69.75999999999999,0.6161616161616161
AF-4E051C1234,59,3.3443181818181817,213.0,15.39,0.2037037037037037
AF-4E9B4E9B17,156,6.631136363636363,385.0,0.0,0.40969162995594716
AF-4EAC975B19,105,3.6965909090909093,226.0,0.0,0.2843601895734597
AF-4EC82DA97D,370,9.51590909090909,598.0,97.61,0.5818965517241379
AF-4ECA50849E,294,8.112727272727271,488.0,106.77,0.4933920704845815
AF-4EF160F776,157,5.380227272727272,318.0,31.98,0.34299516908212563
AF-4EF66EABD0,359,7.903863636363636,491.0,7.51,0.5876777251184834
AF-4F09C94F6B,89,4.7025,293.0,0.0,0.29338842975206614
AF-4F0E7535D6,318,7.881363636363636,493.0,48.3,0.5643153526970954
AF-4F2DE3F242,80,3.4040909090909093,204.0,65.61,0.2565217391304348
AF-4FA4691EDF,130,6.534545454545454,399.0,0.0,0.30434782608695654
AF-4FB4571648,204,5.017727272727273,322.0,89.89,0.38388625592417064
AF-4FB9134E94,343,8.833636363636364,547.0,61.78,0.6351351351351351
AF-4FEBC00860,8,0.5775,38.0,0.0,0.038461538461538464
AF-500EEF08ED,91,4.166818181818182,233.0,0.0,0.26200873362445415
AF-5042777831,125,5.134772727272727,317.0,144.13,0.3386243386243386
AF-5057911E8E,30,2.726818181818182,179.0,0.0,0.0947867298578199
AF-508301F7A4,96,4.992727272727273,303.0,0.0,0.2074688796680498
AF-50835C43DB,88,3.6743181818181823,223.0,114.5,0.22916666666666666
AF-508613CFE6,88,4.961590909090909,311.0,0.0,0.22580645161290322
AF-50BC47A6C5,360,9.423636363636364,567.0,17.83,0.6141078838174274
AF-51866E949E,234,8.68818181818182,510.0,0.0,0.537117903930131
AF-51C31238CB,44,2.0386363636363636,121.0,0.0,0.1318181818181818
AF-528946D5C2,103,4.693409090909091,287.0,0.0,0.3333333333333333
AF-52B3CC58FE,40,3.210681818181818,179.0,0.0,0.17307692307692307
AF-53789159B9,306,7.760227272727272,484.0,48.2,0.5311004784688995
AF-53D9381CF3,64,4.046590909090909,243.0,0.0,0.233502538071066
AF-5495BF12B4,84,4.38909090909091,301.0,0.0,0.2565217391304348
AF-54BEA61E2E,69,3.792954545454545,236.0,0.0,0.23267326732673269
AF-54C581C079,33,2.245227272727273,144.0,0.0,0.12037037037037036
AF-5503C9A8B6,111,5.267272727272727,340.0,0.0,0.3073170731707317
AF-553ACB8B1B,40,2.7490909090909095,151.0,0.0,0.17326732673267325
AF-55F2EBDC8C,111,4.184318181818182,254.0,0.0,0.3094170403587444
AF-565236F9D3,418,8.410227272727273,501.0,117.75,0.7216981132075472
AF-567C070403,8,0.6806818181818182,55.0,0.0,0.05913978494623656
AF-56CBCA4EC9,351,9.097954545454545,588.0,70.75,0.6899563318777293
AF-56F4273020,7,0.5697727272727273,24.0,26.04,0.046875
AF-5726AA5B69,275,6.2225,387.0,34.349999999999994,0.49261083743842365
AF-57809F6A2C,11,0.9595454545454545,72.0,0.0,0.05
AF-579F310140,419,10.524318181818181,646.0,19.46,0.6132075471698113
AF-57A3CA65E8,93,4.89,288.0,0.0,0.27
AF-57B2FF516F,164,5.51409090909091,354.0,0.0,0.36548223350253806
AF-57CBA26542,110,4.704318181818182,315.0,15.67,0.32926829268292684
AF-57CD8166FE,141,5.749090909090909,364.0,0.0,0.30701754385964913
AF-58273DDA6C,387,9.139999999999999,536.0,0.0,0.6558139534883721
AF-584A573282,367,10.088636363636363,612.0,138.78,0.6318407960199005
AF-58A3704A4C,329,8.998863636363636,580.0,66.92,0.49238578680203043
AF-590175AA46,131,5.975454545454546,384.0,0.0,0.2796208530805687
AF-59542D6595,485,11.09,708.0,95.69999999999999,0.71900826446281
AF-5987FC9E2D,20,1.7713636363636363,108.0,0.0,0.10426540284360189
AF-598AB2DA8A,70,4.1256818181818184,284.0,0.0,0.2436548223350254
AF-59B8D10F7D,28,2.2252272727272726,128.0,0.0,0.0967741935483871
AF-5A1ABBCCE9,104,3.9529545454545456,248.0,0.0,0.23232323232323232
AF-5A30EADD73,442,10.12159090909091,585.0,131.92000000000002,0.6681034482758621
AF-5A5E14FC09,315,7.82659090909091,493.0,56.05,0.5694444444444444
AF-5A65CCA561,47,3.4122727272727276,207.0,0.0,0.1497584541062802
AF-5A7247B06E,10,0.9545454545454546,63.0,0.0,0.0663265306122449
AF-5AB22884B3,371,8.61,517.0,351.65,0.6059113300492611
AF-5BAC285A91,424,7.630454545454546,515.0,90.57,0.6543778801843319
AF-5C7EC9EFC8,354,8.335227272727273,503.0,44.68,0.545045045045045
AF-5CE06EC95B,141,5.058409090909091,299.0,42.94,0.3112244897959184
AF-5CEC3B7B77,136,5.044545454545455,337.0,29.659999999999997,0.3939393939393939
AF-5D576E670F,42,2.8629545454545453,161.0,0.0,0.19158878504672897
AF-5D71B1690F,303,8.519090909090908,548.0,215.24,0.533678756476684
AF-5D7E6788EA,167,4.709090909090909,302.0,70.97999999999999,0.2796208530805687
AF-5DA1ADF1E9,88,4.345227272727272,253.0,5.19,0.24434389140271492
AF-5E2D55D347,55,3.252272727272727,188.0,0.0,0.13302752293577982
AF-5E3EAD4383,73,4.261590909090909,234.0,0.0,0.23963133640552994
AF-5E49F400D5,268,7.643409090909091,461.0,63.48,0.5566037735849056
AF-5EA0C192C0,378,9.170681818181817,575.0,83.08,0.5868544600938967
AF-5ED170D014,326,9.74409090909091,639.0,55.08,0.6009615384615384
AF-5EE0428FC9,91,4.748636363636364,273.0,0.0,0.1782178217821782
AF-5F0A0060C9,149,5.561136363636364,327.0,0.0,0.32489451476793246
AF-5F45F8E1B7,10,0.8413636363636364,47.0,0.0,0.016666666666666666
AF-5FCB5267D7,114,5.962045454545454,397.0,0.0,0.2798165137614679
AF-5FF2B1CCD0,279,8.74840909090909,515.0,103.4,0.5394736842105263
AF-600104F386,86,5.075909090909091,330.0,0.0,0.25943396226415094
AF-600BB58746,9,0.47136363636363643,28.0,0.0,0.03260869565217391
AF-6031C61A44,180,5.598409090909091,325.0,0.0,0.3574660633484163
AF-603AD841D5,195,6.651818181818182,356.0,0.0,0.405982905982906
AF-6044142FC9,186,7.980227272727273,495.0,34.3,0.4372093023255814
AF-6048248F7E,349,8.111818181818181,496.0,52.4,0.5851528384279476
AF-605939DEF4,248,7.031818181818181,429.0,55.64,0.47058823529411764
AF-60831D4818,111,5.1252272727272725,289.0,0.0,0.31797235023041476
AF-6085D9B28F,376,8.88159090909091,556.0,0.0,0.5327868852459017
AF-60DBB8ECB0,315,7.891136363636363,491.0,0.0,0.5647668393782384
AF-60E3C0FB6B,152,4.934318181818182,320.0,17.23,0.3137254901960784
AF-615A26D23B,32,2.037272727272727,121.0,25.6,0.15656565656565657
AF-61616B8224,7,0.765909090909091,49.0,0.0,0.041176470588235294
AF-61B7EE7B98,347,8.162045454545455,526.0,31.99,0.6079295154185022
AF-61D4F0275F,180,6.5231818181818175,393.0,0.0,0.35023041474654376
AF-6208D16BFB,66,2.734090909090909,148.0,0.0,0.17708333333333334
AF-623F68C917,53,3.263409090909091,230.0,0.0,0.23529411764705882
AF-627DE66A57,6,0.4865909090909091,33.0,0.0,0.037037037037037035
AF-63E9337F52,9,0.49545454545454537,36.0,0.0,0.035
AF-643B8C46A6,44,2.340227272727273,161.0,0.0,0.08888888888888889
AF-643D81931C,146,5.905,376.0,0.0,0.2623762376237624
AF-6461685C3C,89,3.455454545454545,219.0,0.0,0.2009132420091324
AF-646E8D15A2,284,8.548863636363636,543.0,4.2,0.5833333333333334
AF-64F4858FEE,59,3.3736363636363635,204.0,41.38,0.1762114537444934
AF-652002CCB4,114,4.573636363636364,283.0,0.0,0.26337448559670784
AF-654CEF3F7E,389,8.864090909090908,551.0,92.75999999999999,0.6231884057971014
AF-6589720021,143,5.073409090909091,315.0,36.66,0.36792452830188677
AF-65EF21247A,106,4.240909090909091,249.0,0.0,0.2571428571428571
AF-664C935608,62,3.9322727272727276,256.0,52.91,0.18410041841004185
AF-6659B1026E,62,3.559772727272727,218.0,17.26,0.19665271966527198
AF-666B4CBFFC,239,7.069545454545454,436.0,26.84,0.4549763033175355
AF-666FF1AF72,58,3.5143181818181817,230.0,9.11,0.26
AF-669495C696,139,5.975909090909091,328.0,0.0,0.3443396226415094
AF-67199B8249,110,4.742727272727273,274.0,0.0,0.28272251308900526
AF-67297445DE,188,6.7727272727272725,443.0,118.22,0.3472803347280335
AF-6739DA3921,172,5.617727272727273,333.0,0.0,0.3364485981308411
AF-674B505C84,17,1.0820454545454545,100.0,0.0,0.044444444444444446
AF-675978FEF2,365,7.755909090909091,453.0,121.06,0.52
AF-67613077CA,216,7.335454545454545,473.0,0.0,0.4248927038626609
AF-6778112FE1,10,0.6438636363636363,37.0,0.0,0.04419889502762431
AF-6858766D03,29,2.460909090909091,129.0,0.0,0.1329479768786127
AF-68C90610D5,380,8.914772727272727,563.0,0.0,0.588495575221239
AF-691ED90E9D,83,3.8415909090909093,261.0,0.0,0.25925925925925924
AF-69E234ECF6,151,5.744772727272728,374.0,95.38,0.39901477832512317
AF-69FE6522DF,320,7.215681818181818,411.0,13.04,0.5381165919282511
AF-6A0BDB3C30,69,3.2088636363636365,213.0,14.69,0.18468468468468469
AF-6A1E16C160,87,3.792954545454545,223.0,0.0,0.16751269035532995
AF-6ABC201CF7,304,10.127727272727272,562.0,162.13,0.5530973451327433
AF-6AEC73C448,106,5.017954545454545,296.0,0.0,0.3209302325581395
AF-6B5DFF30F4,14,1.1056818181818182,67.0,0.0,0.02824858757062147
AF-6BA793D80F,482,10.417045454545455,642.0,72.06,0.6846846846846847
AF-6BD9730D51,37,2.3479545454545456,152.0,0.0,0.16585365853658537
AF-6C34A76A92,98,3.7736363636363635,233.0,79.52,0.25339366515837103
AF-6CB5A19644,109,4.7888636363636365,321.0,0.0,0.22705314009661837
AF-6CD26D3F1C,105,4.442727272727272,279.0,43.65,0.2663316582914573
AF-6CD6EA2806,74,3.137272727272727,189.0,37.17,0.2982456140350877
AF-6CD8CF4A21,136,4.95159090909091,299.0,0.0,0.3251231527093596
AF-6CF7ED4E31,68,4.194318181818182,257.0,0.0,0.20853080568720378
AF-6D0E90AC99,106,5.635909090909092,335.0,32.120000000000005,0.3537117903930131
AF-6D6D5DD585,169,5.4804545454545455,357.0,0.0,0.33035714285714285
AF-6D7CB56261,50,2.8520454545454546,163.0,0.0,0.16393442622950818
AF-6D9DEF81E2,121,4.899090909090909,298.0,34.36,0.3409090909090909
AF-6E053AA9EF,198,8.198863636363637,493.0,41.010000000000005,0.37383177570093457
AF-6E7ADDFE8E,374,8.405227272727272,483.0,64.13,0.5674418604651162
AF-6EAC1C4E52,343,7.390681818181818,440.0,55.63,0.5521739130434783
AF-6EEC8A1495,301,7.020227272727272,406.0,8.93,0.47058823529411764
AF-6F7B99F922,168,6.046136363636364,370.0,0.0,0.41702127659574467
AF-6F90121F11,6,0.6961363636363637,51.0,0.0,0.0111731843575419
AF-701BFB20FC,139,4.258181818181819,279.0,43.17,0.33658536585365856
AF-704845ED89,94,4.640681818181818,328.0,0.0,0.24766355140186916
AF-70D7A6AB31,119,5.484318181818182,322.0,0.0,0.26609442060085836
AF-71240194AA,248,7.758409090909091,453.0,0.0,0.46153846153846156
AF-7168C9948C,10,0.8077272727272727,43.0,0.0,0.041666666666666664
AF-71DE95CC9E,347,7.441590909090909,443.0,69.78,0.5714285714285714
AF-71F0689277,38,3.226590909090909,202.0,0.0,0.18518518518518517
AF-720D45D3AD,284,8.406818181818181,540.0,0.0,0.5676855895196506
AF-7211CAF04E,54,2.833181818181818,179.0,0.0,0.18181818181818182
AF-7213AE94AB,180,6.2906818181818185,385.0,0.0,0.34418604651162793
AF-7219BB587C,291,7.579318181818182,436.0,56.02,0.5740740740740741
AF-726A3BD3D6,446,11.928409090909092,759.0,0.0,0.6285714285714286
AF-726BAB374E,26,1.9513636363636364,128.0,0.0,0.09340659340659341
AF-7286602DA8,64,3.1459090909090905,190.0,0.0,0.18691588785046728
AF-72DEA88881,59,3.1763636363636363,202.0,0.0,0.19444444444444445
AF-73A51A19A8,44,2.234318181818182,139.0,0.0,0.19047619047619047
AF-73A82986B4,88,4.010909090909091,253.0,0.0,0.2026431718061674
AF-73B3943BA2,301,8.39,512.0,23.17,0.47767857142857145
AF-73BDBBB15B,10,0.7186363636363636,47.0,0.0,0.03296703296703297
AF-73DD7B46B1,73,3.679090909090909,230.0,21.94,0.2094240837696335
AF-73F2EAC649,332,8.853409090909091,602.0,8.36,0.5540540540540541
AF-740FB848AA,64,3.558181818181818,210.0,0.0,0.2
AF-7425A4BA73,375,8.311136363636363,510.0,154.53,0.5797101449275363
AF-742A555781,74,3.444545454545455,245.0,0.0,0.2242152466367713
AF-7433C9438C,308,7.844090909090909,447.0,0.0,0.5518867924528302
AF-7490BA31EB,62,3.9075,257.0,0.0,0.1890547263681592
AF-74C32E08F3,361,9.892727272727273,579.0,74.17,0.6607929515418502
AF-750D117732,162,6.969318181818181,408.0,0.0,0.42857142857142855
AF-7517792768,317,8.908181818181818,549.0,156.88,0.6086956521739131
AF-752BBBE3E8,100,4.622272727272727,290.0,57.93,0.25327510917030566
AF-761658F2BD,384,9.545,561.0,183.3,0.6186046511627907
AF-763D1AE32E,145,5.899318181818182,381.0,71.78999999999999,0.36818181818181817
AF-767FCA3290,8,0.3465909090909091,12.0,0.0,0.049723756906077346
AF-76BBA056AB,300,6.437045454545455,406.0,61.78,0.547945205479452
AF-76CEA2C66A,290,7.610681818181818,467.0,19.380000000000003,0.4789915966386555
AF-771D836FA3,310,8.02818181818182,523.0,38.85,0.5234042553191489
AF-7730FD8905,92,4.795,292.0,0.0,0.2731707317073171
AF-7757FC21A2,116,5.1475,332.0,81.32,0.25892857142857145
AF-7826A82F9C,190,5.716136363636363,345.0,53.3,0.4099099099099099
AF-783CEED859,139,4.663409090909091,305.0,0.0,0.30845771144278605
AF-784620D50D,111,4.609772727272728,259.0,56.92,0.24770642201834864
AF-7858C465F7,101,4.391590909090909,285.0,0.0,0.23255813953488372
AF-785C76ACA5,60,3.2524999999999995,204.0,0.0,0.18357487922705315
AF-78B842C605,174,6.610681818181818,408.0,0.0,0.39603960396039606
AF-78F509EE80,324,8.817045454545454,535.0,0.0,0.5045871559633027
AF-793B7228F8,271,7.97340909090909,494.0,12.77,0.5022421524663677
AF-79AF3DC633,68,3.6186363636363637,228.0,0.0,0.21634615384615385
AF-7A0C082147,110,6.074090909090909,364.0,0.0,0.2676767676767677
AF-7A160A4065,80,4.529090909090909,281.0,0.0,0.23444976076555024
AF-7A21AEF599,161,4.5475,295.0,14.28,0.3672566371681416
AF-7A61605A98,443,11.750681818181818,759.0,144.2,0.7289719626168224
AF-7A81E970BD,40,2.601590909090909,163.0,0.0,0.13930348258706468
AF-7B0CB7D7CC,100,4.749545454545454,287.0,0.0,0.26108374384236455
AF-7B435C933B,334,8.819318181818183,521.0,106.31,0.6025641025641025
AF-7B47FAD197,107,3.7079545454545455,228.0,0.0,0.2537313432835821
AF-7B67FE5C6E,163,6.0852272727272725,400.0,0.0,0.38288288288288286
AF-7BDAD8F932,213,6.628636363636363,429.0,29.16,0.4326923076923077
AF-7BDE69CEED,149,6.793636363636364,440.0,33.03,0.3119266055045872
AF-7BE14E4035,362,9.03,537.0,0.0,0.5502183406113537
AF-7C70190008,104,4.604772727272727,287.0,103.55,0.3065326633165829
AF-7CFAAD0E4F,315,8.460681818181818,542.0,0.0,0.5317073170731708
AF-7D3DDDC97E,107,5.705227272727273,374.0,0.0,0.2644230769230769
AF-7DC4ABFDF1,318,7.092954545454545,438.0,118.77,0.5488372093023256
AF-7DDE00B981,459,9.8175,593.0,67.44,0.695067264573991
AF-7E033842E2,278,6.871363636363637,452.0,10.74,0.5748792270531401
AF-7E6B957EEC,36,2.169090909090909,148.0,0.0,0.12871287128712872
AF-7E9046CB83,167,5.718863636363636,368.0,1.87,0.4187192118226601
AF-7E9BA07756,145,4.869318181818182,311.0,0.0,0.3755656108597285
AF-7EC8425146,51,3.5600000000000005,215.0,56.33,0.18137254901960784
AF-7ED928D619,38,2.285681818181818,136.0,0.0,0.15270935960591134
AF-7F077038DA,265,7.53590909090909,455.0,4.27,0.5344129554655871
AF-7F70E967E7,6,0.4763636363636364,32.0,0.0,0.015625
AF-7F94C3FD21,259,6.028181818181818,367.0,37.3,0.4236453201970443
AF-7FACB7D105,187,6.056590909090909,373.0,18.59,0.4247787610619469
AF-7FF96A0E40,39,2.540909090909091,146.0,0.0,0.10628019323671498
AF-80579ABDDC,116,4.738409090909091,293.0,0.0,0.28431372549019607
AF-806A463418,334,8.093863636363636,520.0,48.92,0.5471698113207547
AF-811B34569C,97,4.230227272727273,256.0,41.85,0.2694063926940639
AF-82598CD404,186,6.032272727272727,372.0,53.93,0.3607305936073059
AF-8264AFF768,308,8.1075,471.0,97.98,0.5605381165919282
AF-827EBC2AC6,94,4.6679545454545455,314.0,57.66,0.3175355450236967
AF-837767BE25,168,5.568181818181818,352.0,0.59,0.3972602739726027
AF-84096F8CD1,8,0.6120454545454546,37.0,0.0,0.05813953488372093
AF-8462CBCD11,167,5.056818181818182,303.0,0.0,0.35398230088495575
AF-84677026B7,233,6.222045454545454,362.0,82.72,0.44782608695652176
AF-84880B8446,61,3.2388636363636363,198.0,0.0,0.1875
AF-84A6606C05,282,6.827045454545455,423.0,34.74,0.5114155251141552
AF-84C284C488,75,3.6236363636363635,223.0,47.32,0.22171945701357465
AF-84FFD8A2B7,349,10.099772727272727,575.0,96.12,0.5714285714285714
AF-85017B25B8,70,3.7402272727272727,222.0,0.0,0.2570093457943925
AF-8519E2EC4B,403,8.8025,542.0,102.68,0.6284403669724771
AF-851DB5B373,125,5.263181818181819,329.0,47.89,0.25853658536585367
AF-853D36E33D,346,7.887727272727273,510.0,35.629999999999995,0.5458515283842795
AF-856B5BBA22,106,5.984090909090909,373.0,47.29,0.32272727272727275
AF-85E44E732B,68,3.703181818181818,222.0,48.15,0.20408163265306123
AF-861F059B5E,80,2.9797727272727275,193.0,56.13,0.23529411764705882
AF-863C2B41ED,41,3.196818181818182,187.0,115.46,0.13966480446927373
AF-86B8ED5BC8,5,0.5925,34.0,0.0,0.020512820512820513
AF-873F9F3CFE,92,4.786363636363636,289.0,0.0,0.26851851851851855
AF-887AD8C467,131,4.414090909090909,284.0,0.0,0.33004926108374383
AF-888DAD15D5,256,8.802727272727273,553.0,22.08,0.451063829787234
AF-896C5F3793,355,8.414090909090909,484.0,12.65,0.536697247706422
AF-89936EF1BD,341,8.541590909090909,498.0,115.25,0.5652173913043478
AF-89CA51108A,260,7.349545454545455,455.0,0.0,0.48847926267281105
AF-89D81DE43B,353,7.4588636363636365,445.0,0.0,0.591743119266055
AF-8A05485085,62,2.7695454545454545,167.0,0.0,0.20588235294117646
AF-8A1E1404DE,402,9.5925,553.0,0.0,0.6478260869565218
AF-8A34A140DF,87,4.018181818181818,251.0,0.0,0.2132701421800948
AF-8A4E5C1874,117,5.138181818181819,308.0,33.870000000000005,0.3349282296650718
AF-8ACBF0FB02,83,3.9740909090909087,241.0,0.0,0.2222222222222222
AF-8B077178D3,104,4.030681818181818,249.0,0.0,0.25906735751295334
AF-8B0B040615,126,5.511590909090909,343.0,46.86,0.2955665024630542
AF-8BA1F283B6,411,8.455454545454545,497.0,157.98,0.7248677248677249
AF-8BB1300615,365,9.965227272727274,659.0,48.760000000000005,0.6538461538461539
AF-8C0B0CE6C9,144,5.1256818181818184,308.0,18.01,0.3431372549019608
AF-8CC0E4BAC9,105,4.0834090909090905,252.0,17.57,0.29577464788732394
AF-8D4685AD67,311,8.16090909090909,503.0,11.43,0.5188679245283019
AF-8D91D0AC31,336,7.678636363636364,460.0,41.15,0.5445544554455446
AF-8E007AC831,274,8.877727272727272,545.0,58.9,0.5596330275229358
AF-8E61A08FF2,363,8.664090909090909,532.0,297.71,0.6571428571428571
AF-8E88BA8A16,407,8.454318181818183,523.0,25.32,0.6908212560386473
AF-8EA697B6B4,374,9.581136363636363,630.0,21.71,0.6571428571428571
AF-8F1186AA9D,388,9.576590909090909,599.0,104.47,0.6605504587155964
AF-8F88B5FC29,322,8.842954545454546,545.0,60.22,0.541501976284585
AF-90013F04C4,384,9.33090909090909,590.0,127.50999999999999,0.6622222222222223
AF-900F1AAC08,33,2.2113636363636364,136.0,0.0,0.14146341463414633
AF-904A34E3A4,403,9.862045454545454,630.0,0.0,0.627906976744186
AF-9054BE71B0,291,8.34068181818182,517.0,12.89,0.4663677130044843
AF-909FBC00C1,126,5.330227272727273,339.0,62.61,0.3424657534246575
AF-90A22B1047,70,3.405,227.0,0.0,0.22748815165876776
AF-921575732B,386,8.336363636363636,517.0,34.77,0.6125
AF-930AF26DB5,322,9.276136363636363,578.0,83.77000000000001,0.592964824120603
AF-93907029AF,294,7.537954545454546,452.0,35.55,0.4930232558139535
AF-942B80F7DF,350,9.270454545454546,594.0,209.76,0.6046511627906976
AF-9440E8980A,29,1.7131818181818181,128.0,0.0,0.08982035928143713
AF-946C2AC3B0,119,4.6525,318.0,26.68,0.2920353982300885
AF-94BFB9A14F,208,6.834545454545455,401.0,106.21,0.4009216589861751
AF-956EFE21E3,310,9.879772727272726,670.0,0.0,0.5511111111111111
AF-95C66B4A9F,373,8.25340909090909,557.0,87.16,0.593607305936073
AF-95E7FBD226,323,9.286136363636365,571.0,22.090000000000003,0.5633802816901409
AF-9655F1CE81,402,9.31909090909091,609.0,147.17000000000002,0.6754385964912281
AF-96B11E01C7,108,4.361363636363636,294.0,0.0,0.2864583333333333
AF-96BF5E6760,324,9.004318181818181,533.0,64.85,0.5779816513761468
AF-971986CA93,375,9.576590909090909,627.0,95.48,0.5732758620689655
AF-973F075E1B,239,7.680681818181818,499.0,32.28,0.45454545454545453
AF-97461CE226,125,5.070909090909091,283.0,0.0,0.2975206611570248
AF-975B6BDE94,366,8.041590909090909,485.0,56.040000000000006,0.5882352941176471
AF-977879AE34,51,2.513863636363636,161.0,0.0,0.1477832512315271
AF-9796D898E8,236,5.846818181818182,385.0,51.72,0.42543859649122806
AF-97C0977F8F,125,5.576136363636364,337.0,0.0,0.3206751054852321
AF-97CD301DFB,7,0.6488636363636364,43.0,0.0,0.026881720430107527
AF-97D3FFD809,137,5.145681818181818,332.0,0.0,0.29545454545454547
AF-98C34A97B2,361,10.359545454545454,601.0,112.25,0.5786802030456852
AF-9924F174D9,6,0.6331818181818182,54.0,0.0,0.023952095808383235
AF-992B008339,351,8.362727272727271,545.0,80.27,0.5714285714285714
AF-992EB0EF4C,106,5.102045454545455,294.0,0.0,0.3148936170212766
AF-9971FFA859,142,4.856590909090909,317.0,47.43,0.34
AF-99901FA73C,7,0.3893181818181818,23.0,0.0,0.034482758620689655
AF-999742BD15,10,0.9565909090909092,47.0,0.0,0.03932584269662921
AF-999C79DAA3,276,6.845227272727272,419.0,98.36,0.49246231155778897
AF-9A273826EF,16,1.0661363636363637,68.0,0.0,0.07368421052631578
AF-9AEC85D6A7,315,10.57181818181818,633.0,9.44,0.5304347826086957
AF-9B339FE3D7,142,6.035454545454545,360.0,0.0,0.2925764192139738
AF-9B38096B16,87,5.100681818181818,300.0,23.39,0.22641509433962265
AF-9B396B4AC8,495,11.88,698.0,17.1,0.751131221719457
AF-9B97A27F79,92,3.932045454545454,230.0,0.0,0.24378109452736318
AF-9C32E89097,320,8.313409090909092,500.0,0.0,0.5607476635514018
AF-9C95B99F17,288,7.770227272727272,521.0,11.75,0.5161290322580645
AF-9D53E81E23,172,5.839545454545455,372.0,0.0,0.36909871244635195
AF-9DB67598D7,337,8.139999999999999,496.0,123.59,0.6025641025641025
AF-9DCE1913BB,99,5.044772727272727,309.0,0.0,0.32
AF-9E1E2EACC0,12,0.7863636363636364,56.0,0.0,0.036458333333333336
AF-9E21B67652,111,5.780681818181818,343.0,0.0,0.24630541871921183
AF-9E7489D6B8,110,4.368863636363636,265.0,136.82,0.30097087378640774
AF-9E92A11AE0,160,5.770227272727273,335.0,39.650000000000006,0.386046511627907
AF-9EA547B4B8,330,9.398181818181818,556.0,0.0,0.5887850467289719
AF-9EA6DB373A,114,4.997272727272727,314.0,54.33,0.29646017699115046
AF-9EB62F3FDE,407,9.780454545454544,598.0,64.87,0.6513761467889908
AF-9EBE1888BD,203,6.744545454545454,419.0,0.0,0.3963963963963964
AF-9EDF2A37E3,51,2.755909090909091,169.0,0.0,0.17142857142857143
AF-9F4D3130C3,134,5.3931818181818185,350.0,26.68,0.30288461538461536
AF-9F6CAF40B7,352,7.571590909090909,475.0,67.26,0.5137614678899083
AF-A07E59016D,76,3.8745454545454545,251.0,0.0,0.2081447963800905
AF-A0EEA451DD,84,5.0600000000000005,298.0,67.31,0.2512315270935961
AF-A163928B6B,61,3.537272727272727,242.0,0.0,0.21890547263681592
AF-A1671A4891,159,5.154090909090909,321.0,71.35,0.3406113537117904
AF-A16A59BF40,70,3.4299999999999997,203.0,0.0,0.23902439024390243
AF-A1CFD4FB2C,263,6.323409090909092,380.0,39.41,0.45161290322580644
AF-A1D89D1E17,34,2.099090909090909,131.0,0.0,0.14207650273224043
AF-A2B6DEE9D6,118,5.013863636363637,308.0,0.0,0.23267326732673269
AF-A323534514,332,7.622272727272727,464.0,0.0,0.5694444444444444
AF-A333470BFF,83,4.876818181818182,310.0,0.0,0.22127659574468084
AF-A3CF75FE5F,86,4.701136363636364,270.0,0.0,0.24774774774774774
AF-A40362A298,67,3.522272727272727,241.0,51.63,0.18877551020408162
AF-A4EEECF670,318,7.852045454545455,488.0,207.22,0.5172413793103449
AF-A50691A828,154,5.3554545454545455,349.0,184.33,0.3469387755102041
AF-A514E7F4C4,122,6.158863636363637,372.0,0.0,0.32524271844660196
AF-A532530C25,293,8.498636363636363,513.0,15.01,0.4859437751004016
AF-A53B452B11,236,7.232727272727273,467.0,114.97,0.46153846153846156
AF-A5B3697FB4,186,6.9156818181818185,433.0,41.989999999999995,0.3624454148471616
AF-A5BCAA21AA,336,8.465,531.0,68.50999999999999,0.5857740585774058
AF-A5E26504A3,10,0.8025000000000001,45.0,0.0,0.07103825136612021
AF-A6682205EB,325,7.9422727272727265,479.0,72.95,0.5601851851851852
AF-A6B472DC62,12,0.8899999999999999,74.0,0.0,0.05128205128205128
AF-A71DF0D306,372,8.460909090909091,522.0,19.22,0.5742574257425742
AF-A7795441E2,152,6.181136363636364,378.0,0.0,0.2621359223300971
AF-A80934298E,77,4.407954545454545,263.0,82.01,0.2
AF-A815B06120,268,7.359999999999999,457.0,21.39,0.5065502183406113
AF-A89D0CE8F0,355,11.020909090909091,670.0,0.0,0.6438356164383562
AF-A8BA719393,449,10.288863636363637,636.0,104.01,0.6995515695067265
AF-A9542529D0,41,2.9443181818181823,200.0,0.0,0.13297872340425532
AF-A963AD08D2,113,4.678863636363636,294.0,4.69,0.308411214953271
AF-A9B515885B,79,4.090454545454545,226.0,113.23,0.23618090452261306
AF-A9D038F2CA,366,9.240909090909092,577.0,128.8,0.5380952380952381
AF-AA67DE87B4,57,3.1802272727272727,208.0,0.0,0.2087378640776699
AF-AA6AC9D436,44,3.4236363636363634,209.0,0.0,0.25
AF-AA97544E0C,408,10.674090909090909,654.0,1.94,0.6275510204081632
AF-AAC1AA1B94,200,6.926363636363636,449.0,68.2,0.44651162790697674
AF-AAF28C306F,74,4.293636363636364,290.0,0.0,0.2048780487804878
AF-AB085FFE9D,315,7.6675,461.0,44.34,0.6125
AF-AB31BCBB77,413,9.184772727272728,578.0,142.57,0.6697674418604651
AF-AC0CFF5D63,394,8.575454545454546,537.0,27.43,0.5991189427312775
AF-AC49CE43FC,395,8.507045454545455,529.0,0.0,0.591743119266055
AF-AC748947E0,4,0.3797727272727273,19.0,0.0,0.022727272727272728
AF-AD04FBE72A,256,6.3325,374.0,37.38,0.48258706467661694
AF-AD1ABBB16A,390,8.506818181818183,547.0,0.0,0.6322314049586777
AF-AD44A0FA83,379,8.82409090909091,557.0,43.24,0.5938864628820961
AF-ADA410271E,132,5.133863636363636,258.0,0.0,0.2871287128712871
AF-AE02C2287C,153,5.639318181818182,320.0,17.43,0.34134615384615385
AF-AE1384CE06,88,4.2911363636363635,261.0,0.0,0.3031674208144796
AF-AE5402B762,106,5.041590909090909,294.0,12.8,0.31759656652360513
AF-AE86BFAAA9,433,9.116818181818182,586.0,32.22,0.6513761467889908
AF-AEB9C00739,261,7.589545454545455,485.0,14.73,0.47555555555555556
AF-AFE492EFA8,207,7.027045454545455,403.0,29.31,0.41304347826086957
AF-B09FB446E3,378,7.087272727272727,456.0,119.96,0.582089552238806
AF-B0AF6EF266,315,8.398181818181818,558.0,15.79,0.5550660792951542
AF-B0F438B681,98,4.486818181818182,266.0,0.0,0.29949238578680204
AF-B17A0635D6,20,1.5002272727272727,86.0,0.0,0.055
AF-B1926E7ADA,13,0.7690909090909092,48.0,0.0,0.03550295857988166
AF-B1E9529394,81,4.026818181818182,230.0,0.0,0.24615384615384617
AF-B2117015C6,328,9.006818181818183,573.0,0.0,0.5394190871369294
AF-B26803DFB9,89,4.293181818181818,277.0,0.0,0.22510822510822512
AF-B2A08918A3,331,8.177727272727273,489.0,21.32,0.5592417061611374
AF-B2B8EF2BE1,37,2.396136363636364,157.0,0.0,0.10697674418604651
AF-B3125BD73A,437,8.891818181818183,564.0,50.88,0.6896551724137931
AF-B31FF04E96,3,0.1534090909090909,13.0,0.0,0.011363636363636364
AF-B34405C874,355,8.70340909090909,581.0,69.42,0.593607305936073
AF-B367780174,75,3.6454545454545455,219.0,15.34,0.2
AF-B41BAA4830,82,4.131136363636364,282.0,0.0,0.28292682926829266
AF-B42405808F,203,6.6275,402.0,42.22,0.40825688073394495
AF-B45736132B,271,7.88840909090909,502.0,6.5,0.5186915887850467
AF-B4875A483E,289,7.273409090909092,450.0,0.0,0.5927601809954751
AF-B4C295C57A,402,9.1275,546.0,3.39,0.5748792270531401
AF-B4F7F766FE,334,8.39159090909091,500.0,26.77,0.6116071428571429
AF-B5037B172D,367,7.09909090909091,471.0,61.82000000000001,0.6090909090909091
AF-B5451C7FBC,336,7.944090909090909,448.0,77.09,0.5662100456621004
AF-B5B9EBE6AB,142,5.349545454545455,302.0,0.0,0.36486486486486486
AF-B5D3310B39,250,8.424545454545454,513.0,84.74000000000001,0.4721030042918455
AF-B5DF7AE365,175,6.814318181818181,434.0,0.0,0.3939393939393939
AF-B65CAD3B6D,180,5.6274999999999995,385.0,239.88,0.37254901960784315
AF-B6A480694B,106,4.651590909090909,269.0,0.0,0.20454545454545456
AF-B6A9ABC3B4,338,7.340681818181818,435.0,163.87,0.48623853211009177
AF-B6AA621009,264,7.162045454545455,434.0,231.31,0.5023041474654378
AF-B6CE9C5AFC,101,5.340909090909091,354.0,27.05,0.33
AF-B6E1A8468B,350,8.2075,513.0,68.97,0.6363636363636364
AF-B73B717D4A,87,4.515681818181818,307.0,0.0,0.28773584905660377
AF-B7402D83BE,6,0.39181818181818184,24.0,0.0,0.0335195530726257
AF-B76471C88F,189,5.350909090909091,300.0,49.37,0.33482142857142855
AF-B77EF57FB9,11,0.7109090909090908,48.0,0.0,0.054455445544554455
AF-B7AB9D06AE,78,3.636818181818182,208.0,74.81,0.16019417475728157
AF-B7DE50E70B,312,9.224772727272727,515.0,39.46,0.5175438596491229
AF-B80470AFFF,375,7.72409090909091,475.0,40.46,0.5922330097087378
AF-B8336155FF,357,7.875454545454545,507.0,72.23,0.5579399141630901
AF-B865AC68B8,119,5.629772727272727,332.0,0.0,0.319047619047619
AF-B8680FC0DE,148,5.6679545454545455,344.0,46.31,0.2798165137614679
AF-B868EE2932,96,3.9306818181818177,265.0,0.0,0.24
AF-B8AE9590A6,309,9.146818181818182,569.0,0.0,0.5570776255707762
AF-B8BD5FC0D3,144,6.829318181818182,433.0,0.0,0.33185840707964603
AF-B9A2859E2C,253,8.467272727272727,487.0,0.0,0.49327354260089684
AF-BA6218848A,419,9.208636363636364,542.0,252.29000000000002,0.7064220183486238
AF-BA66C3835B,377,8.375909090909092,505.0,54.45,0.5796460176991151
AF-BABA8E59D9,39,2.666818181818182,142.0,0.0,0.0825242718446602
AF-BAE512B0EB,78,4.399772727272727,245.0,5.17,0.2413793103448276
AF-BBA4AD9A29,149,6.043636363636364,404.0,0.0,0.3402061855670103
AF-BBCABD4F64,87,4.533181818181818,277.0,0.0,0.271889400921659
AF-BBD69AADDF,258,8.17909090909091,475.0,56.93,0.4954954954954955
AF-BC2E7E9522,309,7.742954545454546,499.0,0.0,0.5294117647058824
AF-BC3CC8F485,69,3.6090909090909093,244.0,112.58,0.233502538071066
AF-BC4757B7FA,67,3.162954545454545,227.0,0.0,0.18433179723502305
AF-BC60462A58,391,7.448181818181819,450.0,20.23,0.5739130434782609
AF-BC7AF3562A,65,3.2786363636363633,193.0,0.0,0.18396226415094338
AF-BDA0BD8B3A,55,2.8449999999999998,176.0,0.0,0.1388888888888889
AF-BDDBD950A0,421,8.833409090909091,550.0,79.36,0.7777777777777778
AF-BDFAA47536,302,6.942045454545454,442.0,0.0,0.5211267605633803
AF-BE254D0C5C,375,9.275454545454545,573.0,29.6,0.6347826086956522
AF-BE3747E8CE,77,3.871590909090909,223.0,26.38,0.3145539906103286
AF-BE4F399505,326,8.835454545454546,580.0,85.60000000000001,0.5700483091787439
AF-BED79B928A,11,0.6086363636363636,41.0,0.0,0.060109289617486336
AF-BEE709EF3C,53,3.0974999999999997,197.0,37.8,0.23333333333333334
AF-BEF8E6C02E,331,9.988863636363636,606.0,10.14,0.6171171171171171
AF-BF211F57B8,328,9.963863636363635,612.0,29.02,0.5850622406639004
AF-BF2AA16B02,329,7.712954545454545,487.0,49.95,0.5979899497487438
AF-BFACCABAAF,86,4.272272727272727,275.0,0.0,0.205
AF-BFE4BEF742,375,8.519090909090908,529.0,110.21,0.6180904522613065
AF-C06997C531,26,1.534318181818182,83.0,0.0,0.06796116504854369
AF-C0BC49E0DD,34,2.5425,149.0,0.0,0.12568306010928962
AF-C0C696BEE6,300,8.209772727272728,507.0,42.25,0.5701754385964912
AF-C16E980D17,95,4.462727272727272,305.0,0.0,0.2831050228310502
AF-C1A4896EF2,391,9.343863636363636,579.0,170.72,0.5668202764976958
AF-C1D4C0AE84,115,6.274772727272727,383.0,25.24,0.34545454545454546
AF-C245DC3177,2,0.09363636363636364,6.0,0.0,0.011049723756906077
AF-C2C72E4F69,87,3.7236363636363636,233.0,0.0,0.27906976744186046
AF-C2D0DB0134,343,7.624318181818182,466.0,114.75999999999999,0.6267281105990783
AF-C2E44A7EF9,432,10.75,647.0,125.65,0.6932773109243697
AF-C3589AFEC7,53,2.8502272727272726,196.0,0.0,0.2191780821917808
AF-C38A9A8284,103,4.509318181818181,274.0,28.59,0.2898550724637681
AF-C40C492835,161,6.65840909090909,415.0,9.09,0.3697478991596639
AF-C43A2C0728,276,7.742045454545454,468.0,62.86,0.4590909090909091
AF-C47B01CF84,338,6.8131818181818184,435.0,129.69,0.5275229357798165
AF-C487B546D4,286,8.700681818181819,546.0,0.0,0.5492957746478874
AF-C4AED358FF,218,6.372954545454546,411.0,34.16,0.47085201793721976
AF-C4B8AF7629,237,7.665909090909091,436.0,196.36,0.45089285714285715
AF-C4C9A84099,156,5.423863636363636,326.0,65.27,0.3333333333333333
AF-C4F0A7B022,300,7.993636363636364,498.0,0.0,0.5541125541125541
AF-C64F470B60,89,4.663181818181818,261.0,47.8,0.28440366972477066
AF-C6A3BFEBC0,390,10.432045454545454,656.0,63.599999999999994,0.6788990825688074
AF-C714133C8D,6,0.7054545454545454,43.0,0.0,0.023391812865497075
AF-C76051026A,81,4.603863636363636,286.0,0.0,0.23404255319148937
AF-C806163C21,21,1.833181818181818,131.0,0.0,0.0546448087431694
AF-C80C626CD6,388,9.155909090909091,535.0,163.42000000000002,0.5954545454545455
AF-C8F99B68A8,62,3.5904545454545453,228.0,0.0,0.21585903083700442
AF-C9372170CB,116,5.965909090909091,354.0,0.0,0.2647058823529412
AF-C93EC18D53,310,7.865,521.0,0.0,0.5934579439252337
AF-C950718288,127,5.091818181818182,342.0,17.72,0.2694063926940639
AF-C96BAE872D,39,2.688181818181818,188.0,0.0,0.12626262626262627
AF-C97ADEEAFA,105,4.290909090909091,256.0,0.0,0.2644628099173554
AF-C9CBEEA8D8,284,9.327045454545454,606.0,68.81,0.5714285714285714
AF-C9F39C1ED2,66,3.7545454545454544,238.0,0.0,0.2981651376146789
AF-CA66B53950,245,6.778181818181818,408.0,50.03,0.4247787610619469
AF-CA75C1A6E9,308,7.176136363636363,452.0,18.97,0.5281385281385281
AF-CAA11DA12E,284,7.534772727272728,452.0,7.27,0.5069124423963134
AF-CAD73F7733,8,0.5918181818181818,36.0,0.0,0.029069767441860465
AF-CB502B2653,347,9.541363636363636,591.0,54.169999999999995,0.6244343891402715
AF-CB5C4B455C,439,8.495909090909091,537.0,65.21,0.6355140186915887
AF-CB6DAEA47C,73,3.5854545454545454,223.0,0.0,0.1989795918367347
AF-CB99CADC91,295,7.851363636363636,476.0,65.85,0.4931506849315068
AF-CC61FCCE2F,347,8.958409090909091,562.0,105.47,0.5833333333333334
AF-CCA56DB742,67,4.201363636363637,258.0,0.0,0.19
AF-CCAD65DC85,238,7.011363636363637,474.0,0.0,0.4765957446808511
AF-CCC266A90D,382,8.004999999999999,505.0,79.78999999999999,0.6527777777777778
AF-CE4B0BF811,395,7.887272727272728,456.0,36.6,0.6322314049586777
AF-CE74556850,41,2.982727272727273,177.0,0.0,0.15263157894736842
AF-CE7F276EB8,290,8.762272727272729,533.0,71.49000000000001,0.5529953917050692
AF-CE8D68B208,128,6.881363636363636,415.0,0.0,0.3150684931506849
AF-CEA03B8CF3,384,9.137954545454546,559.0,160.63,0.6307053941908713
AF-CED4C7BE18,357,7.949545454545454,492.0,0.0,0.5642201834862385
AF-CF6B499188,106,5.143863636363637,279.0,0.0,0.22784810126582278
AF-CF6CE97B3D,185,5.038409090909091,296.0,124.99,0.42616033755274263
AF-CFCA38D54A,41,2.863409090909091,188.0,0.0,0.13592233009708737
AF-CFFC781C73,422,11.612499999999999,697.0,188.57999999999998,0.6859903381642513
AF-CFFE1972FB,226,7.196363636363636,418.0,90.1,0.4493927125506073
AF-D019E6F21E,137,5.3522727272727275,323.0,49.25,0.37383177570093457
AF-D01CA12D7A,333,9.161136363636363,598.0,74.41,0.5677966101694916
AF-D0668D260E,100,4.965909090909091,319.0,0.0,0.2317596566523605
AF-D14DF871ED,13,0.8868181818181818,57.0,0.0,0.05405405405405406
AF-D17BE07C0D,272,7.100909090909091,442.0,25.49,0.48325358851674644
AF-D1FA14B7A6,80,4.282045454545455,256.0,32.87,0.23557692307692307
AF-D2552496E5,295,8.132045454545455,515.0,105.64999999999999,0.5574468085106383
AF-D26D1F6C4C,415,11.511363636363637,692.0,72.09,0.7053571428571429
AF-D274A3FBF1,434,10.599545454545455,657.0,83.92999999999999,0.7302325581395349
AF-D28FFBDC95,322,8.68409090909091,544.0,34.95,0.5188284518828452
AF-D29FDFFAFD,55,3.287272727272727,213.0,0.0,0.18691588785046728
AF-D2C1306F5E,380,8.834090909090909,520.0,213.69,0.6860986547085202
AF-D2C289A3F9,133,5.073863636363637,307.0,12.58,0.2512820512820513
AF-D2CFE82CF0,286,9.7725,626.0,81.59,0.4727272727272727
AF-D30DFE1CA4,45,3.1240909090909095,182.0,0.0,0.14883720930232558
AF-D33A020946,350,8.317954545454546,540.0,29.95,0.6425339366515838
AF-D33EF28119,151,5.318409090909091,318.0,45.23,0.27358490566037735
AF-D392C2E5DA,161,7.069999999999999,420.0,115.95,0.36
AF-D39637D5B4,214,6.0609090909090915,378.0,157.34,0.4354066985645933
AF-D3A901A139,424,9.787272727272727,588.0,42.08,0.6334661354581673
AF-D3DC773EC5,319,6.952500000000001,446.0,32.28,0.5526315789473685
AF-D41FD58C26,160,5.7075,376.0,63.04,0.33649289099526064
AF-D4812056DA,127,5.2934090909090905,337.0,17.73,0.38164251207729466
AF-D4860A84B1,359,7.851590909090908,521.0,13.87,0.6172839506172839
AF-D4888DA03A,90,3.9895454545454543,244.0,14.82,0.25
AF-D4A8A1E4BD,317,8.48340909090909,537.0,127.86999999999999,0.5198019801980198
AF-D4B0D79CB5,70,3.2609090909090908,197.0,0.0,0.25
AF-D4E8FBC71F,84,4.122045454545455,235.0,0.0,0.2775330396475771
AF-D526264E23,118,5.571818181818181,335.0,0.0,0.3333333333333333
AF-D5545C86D5,341,8.878636363636364,548.0,62.58,0.5714285714285714
AF-D58924D2B0,5,0.33840909090909094,24.0,0.0,0.017341040462427744
AF-D5A6C63BAF,441,8.859545454545454,556.0,66.36,0.6941747572815534
AF-D5EAE715D3,274,8.622954545454546,570.0,40.04,0.49514563106796117
AF-D60E0395A7,145,4.515227272727272,322.0,68.53,0.37130801687763715
AF-D63E2893EC,377,10.055,626.0,0.0,0.6666666666666666
AF-D65191B26C,300,8.65931818181818,527.0,36.81,0.5906976744186047
AF-D65659ABAF,81,4.022954545454545,243.0,0.0,0.2398190045248869
AF-D66A7EED5F,108,6.119772727272727,361.0,0.0,0.29292929292929293
AF-D672183C04,96,4.903409090909091,302.0,0.0,0.22105263157894736
AF-D67A3466DB,201,5.788636363636364,349.0,100.03,0.39915966386554624
AF-D6874836A0,76,3.973181818181818,242.0,0.0,0.21578947368421053
AF-D68A3F1010,77,3.7713636363636365,258.0,0.0,0.2641509433962264
AF-D6DDD71315,389,8.987954545454546,548.0,14.52,0.6025641025641025
AF-D79AA1B6BC,358,9.059545454545455,539.0,69.82,0.6097560975609756
AF-D8010F6B6D,72,4.142954545454545,243.0,0.0,0.252212389380531
AF-D8F0A475CF,377,9.088181818181818,566.0,31.39,0.6437768240343348
AF-D8F72C4218,93,4.331363636363637,302.0,0.0,0.25870646766169153
AF-D9326E0A8A,279,7.632045454545454,461.0,153.37,0.5502183406113537
AF-D98676D7FD,132,5.523181818181818,341.0,0.0,0.27149321266968324
AF-D9B48CFA7C,239,6.9736363636363645,424.0,13.42,0.502283105022831
AF-D9DDFDB5D5,291,6.4606818181818175,415.0,30.91,0.4036697247706422
AF-DA1D163EF6,294,7.955227272727272,502.0,13.81,0.4955357142857143
AF-DA1E27813C,302,7.033636363636364,457.0,20.42,0.5518672199170125
AF-DA76A4ED37,338,7.563863636363636,450.0,0.0,0.5233644859813084
AF-DA94774B70,349,8.431363636363637,550.0,103.85,0.5707964601769911
AF-DAA504E9E4,37,2.9231818181818183,165.0,36.98,0.10294117647058823
AF-DAAB6FFE3D,100,4.13,271.0,0.0,0.2669491525423729
AF-DAFD40896B,335,8.034545454545453,476.0,0.0,0.5265486725663717
AF-DB0819D155,365,8.09840909090909,496.0,21.06,0.6285714285714286
AF-DB248B5054,300,7.385,439.0,109.50999999999999,0.5396039603960396
AF-DB4A0EB5D7,103,4.198181818181818,260.0,0.0,0.2680851063829787
AF-DB9356FFA0,48,3.482727272727273,212.0,0.0,0.16580310880829016
AF-DC3A86274E,373,9.700454545454546,603.0,0.0,0.6142857142857143
AF-DC91E7DC07,84,4.630227272727272,298.0,28.54,0.23737373737373738
AF-DCCE581116,346,7.448636363636364,437.0,0.0,0.579185520361991
AF-DCE9CF55E3,56,3.7547727272727274,250.0,43.62,0.25654450261780104
AF-DD0CD0D166,109,4.717727272727273,300.0,0.0,0.27014218009478674
AF-DD360253B0,404,8.968181818181819,592.0,63.73,0.6338028169014085
AF-DD6658753A,466,10.582045454545455,636.0,53.050000000000004,0.7511520737327189
AF-DD73ADE7FD,98,4.377954545454545,290.0,0.0,0.24766355140186916
AF-DDAC028467,352,9.212954545454545,526.0,141.07,0.6428571428571429
AF-DDF84C537F,91,5.447954545454546,354.0,47.5,0.31527093596059114
AF-DE402FBFD6,36,2.122727272727273,127.0,0.0,0.1330049261083744
AF-DF9D95D570,119,4.83840909090909,304.0,0.0,0.26635514018691586
AF-E0A8AA3606,77,4.236590909090909,270.0,0.0,0.2920353982300885
AF-E14DC17E78,418,7.944090909090909,491.0,18.12,0.6280193236714976
AF-E157D93074,282,7.861363636363635,454.0,187.51,0.5454545454545454
AF-E17825CED2,56,2.403181818181818,140.0,0.0,0.18407960199004975
AF-E1C4EEA8F9,324,7.073863636363637,451.0,82.50999999999999,0.5857142857142857
AF-E1E0CC4964,6,0.6770454545454545,45.0,0.0,0.03225806451612903
AF-E233B7A0A7,387,10.808409090909091,689.0,28.42,0.6287128712871287
AF-E252B9DEB0,125,5.489772727272728,365.0,0.0,0.2714285714285714
AF-E253835673,22,2.005909090909091,111.0,0.0,0.09523809523809523
AF-E25A1063D1,133,5.757045454545454,354.0,0.0,0.3523809523809524
AF-E304D4E58A,59,3.0029545454545454,185.0,0.0,0.20812182741116753
AF-E33131BB8B,9,0.6495454545454545,40.0,0.0,0.04568527918781726
AF-E34428C513,10,0.6797727272727273,38.0,0.0,0.032432432432432434
AF-E350A07C33,340,7.642499999999999,481.0,36.72,0.6583333333333333
AF-E37E95AB99,405,9.761363636363637,592.0,32.75,0.6512605042016807
AF-E3B262C636,80,4.968863636363636,286.0,0.0,0.2636363636363636
AF-E4411B9DA3,90,4.115227272727273,266.0,0.0,0.24663677130044842
AF-E477BF3742,56,4.139772727272727,244.0,0.0,0.1717171717171717
AF-E4E53CE38A,159,6.406136363636364,406.0,38.81999999999999,0.3879310344827586
AF-E506FB0B5B,64,3.3502272727272726,208.0,40.62,0.18840579710144928
AF-E51BBBA74D,16,1.3270454545454546,77.0,0.0,0.07407407407407407
AF-E54814A591,293,9.086136363636363,589.0,0.0,0.4954545454545455
AF-E54BDDDC16,141,5.63,373.0,105.33000000000001,0.35046728971962615
AF-E57E35A70D,28,1.5247727272727274,101.0,0.0,0.11312217194570136
AF-E58B5E305C,390,9.063181818181818,603.0,0.0,0.659919028340081
AF-E643716928,21,1.733409090909091,102.0,49.47,0.085
AF-E6B1572580,336,8.375454545454545,556.0,48.629999999999995,0.5635593220338984
AF-E6C403B3D1,135,5.047954545454545,335.0,0.0,0.3598130841121495
AF-E6CB085649,75,4.294090909090909,297.0,0.0,0.2863849765258216
AF-E716D868F6,325,7.51,504.0,18.82,0.589041095890411
AF-E78600F0D8,60,3.777272727272727,218.0,0.0,0.2372093023255814
AF-E7A57C950D,331,9.415909090909091,588.0,62.31999999999999,0.5348837209302325
AF-E7F9DD59D3,175,5.824545454545455,324.0,24.380000000000003,0.3495575221238938
AF-E810EC3CBE,170,5.5775,326.0,69.25999999999999,0.34234234234234234
AF-E8471D527C,120,5.931136363636364,349.0,89.37,0.39545454545454545
AF-E8A89D0519,299,6.553409090909091,375.0,11.9,0.4889867841409692
AF-E8DC663CE9,232,6.961590909090909,436.0,36.92,0.5529953917050692
AF-E91D4B70F7,292,8.099545454545455,484.0,150.32,0.48672566371681414
AF-E94D66D8D3,333,7.58590909090909,445.0,45.36,0.5633802816901409
AF-E9715A55AC,375,9.254545454545454,579.0,175.5,0.5879828326180258
AF-EA6C039823,107,4.078863636363637,260.0,0.0,0.2857142857142857
AF-EA85019ABD,58,3.401818181818182,173.0,0.0,0.18811881188118812
AF-EAB0CDA669,88,4.008181818181819,231.0,0.0,0.2772727272727273
AF-EB0C8B61A0,103,5.8175,334.0,9.16,0.32727272727272727
AF-EB834A9CC6,272,8.35909090909091,542.0,145.58,0.45410628019323673
AF-EB8E9EE952,16,1.2697727272727273,78.0,0.0,0.09137055837563451
AF-EBD5DE8DBC,76,3.7486363636363635,219.0,10.89,0.2374429223744292
AF-EC06C49A1E,15,1.2034090909090909,77.0,0.0,0.05649717514124294
AF-ECAE472D86,333,8.078863636363637,427.0,26.13,0.6183574879227053
AF-ECFDDC9758,429,7.509090909090909,479.0,40.760000000000005,0.7142857142857143
AF-ED0F0DFAB5,144,5.491363636363636,325.0,10.27,0.3275862068965517
AF-ED86437C03,125,5.348863636363636,293.0,0.0,0.34375
AF-EDC9062F13,93,4.7911363636363635,306.0,78.84,0.25229357798165136
AF-EDE444A92F,131,5.212954545454545,314.0,0.0,0.2644230769230769
AF-EE669B5438,38,2.3759090909090905,155.0,0.0,0.16145833333333334
AF-EE8EE096FF,95,4.48590909090909,273.0,0.0,0.24669603524229075
AF-EE99C4E2F9,10,0.5518181818181819,31.0,0.0,0.015384615384615385
AF-EEA32A92A8,318,8.179545454545455,534.0,192.84,0.5132743362831859
AF-EEC77204DC,147,6.114090909090908,386.0,151.95,0.32857142857142857
AF-EECCE260D9,449,8.511818181818182,570.0,96.93,0.6788990825688074
AF-EF380CD6EF,78,5.294545454545455,338.0,0.0,0.2985781990521327
AF-EF7CDBE0E4,17,1.3413636363636363,91.0,0.0,0.07035175879396985
AF-EFCA65B407,7,0.7279545454545455,41.0,0.0,0.05670103092783505
AF-EFCDCAADF4,284,7.112272727272727,434.0,0.0,0.5422885572139303
AF-F0194A4D43,201,6.556590909090909,378.0,61.54,0.4186046511627907
AF-F03361363C,94,4.7727272727272725,275.0,0.0,0.27927927927927926
AF-F06C58B2ED,151,5.918181818181818,348.0,72.73,0.35585585585585583
AF-F09419F9A4,99,4.421363636363636,293.0,109.28,0.21153846153846154
AF-F0FDF79CFE,135,5.195,307.0,54.949999999999996,0.3163265306122449
AF-F111EFA00C,360,8.312045454545455,554.0,49.28,0.6431372549019608
AF-F1AE71CD27,292,6.984545454545454,445.0,0.0,0.5432098765432098
AF-F205E2718D,142,6.461818181818182,391.0,12.55,0.27488151658767773
AF-F2BC9C6A4A,118,4.802045454545454,337.0,0.0,0.27
AF-F2C8071FFD,313,8.216818181818182,474.0,13.13,0.5876777251184834
AF-F3702708F3,149,4.9795454545454545,317.0,84.56,0.336322869955157
AF-F3C8510AA6,7,0.4754545454545455,27.0,0.0,0.04736842105263158
AF-F3E564F927,127,5.382727272727273,334.0,38.87,0.2629310344827586
AF-F400E58470,167,6.149545454545454,374.0,3.01,0.4056603773584906
AF-F42F27000D,272,7.486818181818182,490.0,57.8,0.5329949238578681
AF-F43DBABDC9,175,5.97340909090909,338.0,0.0,0.3930131004366812
AF-F460442BFB,62,3.506590909090909,211.0,0.0,0.19004524886877827
AF-F4E6EAE2E4,402,9.776818181818182,585.0,49.54,0.6666666666666666
AF-F4FDAB6E70,88,4.359545454545454,261.0,0.0,0.21287128712871287
AF-F55FCC8A41,252,8.192954545454546,492.0,25.58,0.4311111111111111
AF-F5AF38DE4D,395,8.890681818181818,521.0,70.78,0.5781990521327014
AF-F5D77309A8,82,3.5063636363636363,202.0,0.0,0.1650485436893204
AF-F651274BD0,420,9.065,572.0,25.32,0.5930735930735931
AF-F6C6A752B8,253,6.716136363636363,428.0,46.09,0.4331983805668016
AF-F7815FC299,366,9.585227272727273,637.0,23.15,0.5727272727272728
AF-F7B9C37CE4,306,6.132045454545454,374.0,140.73,0.6090909090909091
AF-F80DBCEDBE,361,9.645681818181819,622.0,37.62,0.5789473684210527
AF-F82DFE8137,38,2.035,135.0,0.0,0.1724137931034483
AF-F858FA6E51,7,0.8240909090909091,47.0,0.0,0.05521472392638037
AF-F8B3798CFF,326,8.895454545454545,537.0,118.23,0.6227272727272727
AF-F98BFAF0F4,64,2.912954545454545,173.0,0.0,0.22748815165876776
AF-F98E71C778,329,9.383863636363635,625.0,68.68,0.6119402985074627
AF-F9CFA62FD2,6,0.4193181818181818,33.0,0.0,0.027932960893854747
AF-FA61232878,334,7.930681818181818,480.0,97.41999999999999,0.5845410628019324
AF-FAA97FC643,38,2.6154545454545453,166.0,0.0,0.1559633027522936
AF-FABEBEC4A8,58,3.830909090909091,246.0,12.42,0.19791666666666666
AF-FAC61A9EE0,165,5.8104545454545455,373.0,0.0,0.40444444444444444
AF-FB007511E8,9,0.4847727272727273,33.0,0.0,0.047619047619047616
AF-FB1D6759B9,392,10.279545454545454,678.0,159.06,0.6666666666666666
AF-FB5CBC2F98,283,6.573409090909092,392.0,11.48,0.5244444444444445
AF-FBF5B7FB5B,214,5.956136363636364,399.0,63.07,0.4649122807017544
AF-FC5F6D22B8,212,7.268636363636364,459.0,194.7,0.3961352657004831
AF-FC84973CF3,63,2.7729545454545454,174.0,0.0,0.20098039215686275
AF-FCAD3EDDDB,312,8.724772727272727,553.0,0.0,0.55
AF-FD169E6D4F,124,4.554545454545455,280.0,23.79,0.3395348837209302
AF-FD358DC954,370,11.189318181818182,690.0,0.86,0.6570048309178744
AF-FD64D12480,4,0.3829545454545455,20.0,0.0,0.022099447513812154
AF-FD7B174E7D,436,8.980909090909092,590.0,29.68,0.6971153846153846
AF-FD9EBACEF7,490,10.232045454545455,610.0,34.370000000000005,0.6790697674418604
AF-FE23118368,325,8.68159090909091,533.0,31.45,0.5236051502145923
AF-FE4ED3A507,70,4.411818181818182,273.0,47.4,0.29901960784313725
AF-FE827538B4,66,2.9056818181818183,183.0,0.0,0.22488038277511962
AF-FEB5BD5D9D,5,0.5038636363636364,28.0,0.0,0.04371584699453552
AF-FF0A5628C3,361,9.344318181818181,625.0,21.86,0.6026200873362445
AF-FF88D0731A,39,2.898409090909091,166.0,0.0,0.1323529411764706
