jornada,jugador_id,ventana,menciones,sent_positivo,sent_negativo,sent_neutro
1,J01,Pre,49,29,10,10
1,J01,Post,178,100,37,41
1,J02,Pre,207,106,48,53
1,J02,Post,39,18,8,13
1,J03,Pre,167,87,42,38
1,J03,Post,121,59,31,31
1,J04,Pre,346,156,95,95
1,J04,Post,599,354,107,138
1,J05,Pre,137,68,24,45
1,J05,Post,53,25,14,14
1,J06,Pre,131,59,30,42
1,J06,Post,237,112,53,72
1,J07,Pre,195,105,45,45
1,J07,Post,291,109,86,96
1,J08,Pre,88,41,22,25
1,J08,Post,37,15,7,15
1,J09,Pre,191,99,38,54
1,J09,Post,363,171,86,106
1,J10,Pre,71,34,19,18
1,J10,Post,217,107,39,71
1,J11,Pre,148,88,24,36
1,J11,Post,319,147,77,95
1,J12,Pre,164,94,30,40
1,J12,Post,328,158,89,81
1,J13,Pre,172,99,37,36
1,J13,Post,321,157,95,69
1,J14,Pre,66,36,15,15
1,J14,Post,187,126,34,27
1,J15,Pre,58,26,13,19
1,J15,Post,29,12,8,9
1,J16,Pre,113,54,30,29
1,J16,Post,0,0,0,0
1,J17,Pre,147,76,27,44
1,J17,Post,203,75,46,82
1,J18,Pre,433,223,122,88
1,J18,Post,475,231,91,153
1,J19,Pre,183,99,44,40
1,J19,Post,348,164,78,106
1,J20,Pre,253,132,43,78
1,J20,Post,21,11,5,5
1,J21,Pre,313,175,65,73
1,J21,Post,688,306,175,207
1,J22,Pre,295,156,78,61
1,J22,Post,84,43,15,26
1,J23,Pre,463,274,108,81
1,J23,Post,526,243,141,142
1,J24,Pre,312,161,70,81
1,J24,Post,414,189,87,138
1,J25,Pre,295,160,69,66
1,J25,Post,101,50,28,23
2,J01,Pre,105,50,21,34
2,J01,Post,18,8,5,5
2,J02,Pre,187,89,38,60
2,J02,Post,514,325,100,89
2,J03,Pre,195,95,43,57
2,J03,Post,444,297,53,94
2,J04,Pre,328,193,50,85
2,J04,Post,174,84,32,58
2,J05,Pre,245,154,52,39
2,J05,Post,119,52,37,30
2,J06,Pre,146,73,31,42
2,J06,Post,346,261,47,38
2,J07,Pre,300,130,86,84
2,J07,Post,861,656,111,94
2,J08,Pre,96,49,20,27
2,J08,Post,241,128,54,59
2,J09,Pre,223,115,40,68
2,J09,Post,802,654,83,65
2,J10,Pre,60,27,13,20
2,J10,Post,0,0,0,0
2,J11,Pre,188,102,33,53
2,J11,Post,32,12,8,12
2,J12,Pre,177,92,44,41
2,J12,Post,471,292,94,85
2,J13,Pre,244,131,64,49
2,J13,Post,383,233,53,97
2,J14,Pre,61,32,17,12
2,J14,Post,125,77,18,30
2,J15,Pre,72,39,14,19
2,J15,Post,14,6,3,5
2,J16,Pre,103,60,20,23
2,J16,Post,219,150,38,31
2,J17,Pre,157,97,22,38
2,J17,Post,416,283,58,75
2,J18,Pre,241,122,50,69
2,J18,Post,644,440,106,98
2,J19,Pre,179,96,41,42
2,J19,Post,489,304,72,113
2,J20,Pre,240,122,55,63
2,J20,Post,10,4,2,4
2,J21,Pre,380,169,106,105
2,J21,Post,47,24,11,12
2,J22,Pre,273,151,44,78
2,J22,Post,1216,993,130,93
2,J23,Pre,191,108,32,51
2,J23,Post,6,2,1,3
2,J24,Pre,296,169,68,59
2,J24,Post,519,305,76,138
2,J25,Pre,246,127,57,62
2,J25,Post,523,396,50,77
3,J01,Pre,73,36,20,17
3,J01,Post,207,142,22,43
3,J02,Pre,167,98,26,43
3,J02,Post,123,57,23,43
3,J03,Pre,177,113,25,39
3,J03,Post,31,16,8,7
3,J04,Pre,332,206,73,53
3,J04,Post,145,81,26,38
3,J05,Pre,238,135,49,54
3,J05,Post,542,339,73,130
3,J06,Pre,117,62,25,30
3,J06,Post,424,336,40,48
3,J07,Pre,82,53,13,16
3,J07,Post,535,320,120,95
3,J08,Pre,114,72,15,27
3,J08,Post,0,0,0,0
3,J09,Pre,243,152,49,42
3,J09,Post,505,369,67,69
3,J10,Pre,108,65,14,29
3,J10,Post,273,176,36,61
3,J11,Pre,238,138,37,63
3,J11,Post,403,234,87,82
3,J12,Pre,131,76,25,30
3,J12,Post,93,45,20,28
3,J13,Pre,273,150,71,52
3,J13,Post,493,316,67,110
3,J14,Pre,54,32,12,10
3,J14,Post,128,87,21,20
3,J15,Pre,73,43,16,14
3,J15,Post,160,102,25,33
3,J16,Pre,87,48,16,23
3,J16,Post,49,23,13,13
3,J17,Pre,198,122,41,35
3,J17,Post,65,32,19,14
3,J18,Pre,392,226,77,89
3,J18,Post,739,433,144,162
3,J19,Pre,166,74,45,47
3,J19,Post,30,13,8,9
3,J20,Pre,243,134,45,64
3,J20,Post,53,25,16,12
3,J21,Pre,409,240,100,69
3,J21,Post,830,502,126,202
3,J22,Pre,288,161,57,70
3,J22,Post,791,524,114,153
3,J23,Pre,281,125,86,70
3,J23,Post,1168,853,135,180
3,J24,Pre,370,244,62,64
3,J24,Post,576,375,102,99
3,J25,Pre,223,133,53,37
3,J25,Post,685,491,69,125
4,J01,Pre,103,47,28,28
4,J01,Post,116,31,37,48
4,J02,Pre,168,88,35,45
4,J02,Post,262,77,105,80
4,J03,Pre,179,108,27,44
4,J03,Post,333,104,94,135
4,J04,Pre,296,154,68,74
4,J04,Post,458,157,155,146
4,J05,Pre,143,76,24,43
4,J05,Post,247,77,84,86
4,J06,Pre,42,20,8,14
4,J06,Post,176,34,71,71
4,J07,Pre,225,128,48,49
4,J07,Post,291,69,84,138
4,J08,Pre,90,49,22,19
4,J08,Post,132,37,52,43
4,J09,Pre,150,71,32,47
4,J09,Post,67,27,15,25
4,J10,Pre,127,62,28,37
4,J10,Post,65,35,12,18
4,J11,Pre,229,107,45,77
4,J11,Post,213,68,75,70
4,J12,Pre,147,75,41,31
4,J12,Post,19,9,4,6
4,J13,Pre,111,51,22,38
4,J13,Post,283,95,90,98
4,J14,Pre,78,39,18,21
4,J14,Post,25,13,4,8
4,J15,Pre,65,36,16,13
4,J15,Post,133,54,43,36
4,J16,Pre,99,51,24,24
4,J16,Post,142,41,59,42
4,J17,Pre,134,69,35,30
4,J17,Post,451,193,144,114
4,J18,Pre,261,144,41,76
4,J18,Post,712,298,236,178
4,J19,Pre,134,69,23,42
4,J19,Post,27,12,7,8
4,J20,Pre,255,127,44,84
4,J20,Post,481,135,149,197
4,J21,Pre,306,155,64,87
4,J21,Post,62,33,13,16
4,J22,Pre,223,102,50,71
4,J22,Post,111,54,33,24
4,J23,Pre,232,116,61,55
4,J23,Post,22,12,4,6
4,J24,Pre,344,194,70,80
4,J24,Post,418,110,141,167
4,J25,Pre,199,97,57,45
4,J25,Post,34,18,6,10
5,J01,Pre,95,50,19,26
5,J01,Post,0,0,0,0
5,J02,Pre,184,83,52,49
5,J02,Post,325,106,119,100
5,J03,Pre,113,58,24,31
5,J03,Post,1,0,0,1
5,J04,Pre,185,84,51,50
5,J04,Post,121,52,29,40
5,J05,Pre,188,83,53,52
5,J05,Post,53,28,13,12
5,J06,Pre,109,39,40,30
5,J06,Post,57,28,14,15
5,J07,Pre,104,54,26,24
5,J07,Post,300,45,115,140
5,J08,Pre,74,30,20,24
5,J08,Post,127,40,30,57
5,J09,Pre,148,76,41,31
5,J09,Post,17,8,3,6
5,J10,Pre,50,24,9,17
5,J10,Post,162,63,50,49
5,J11,Pre,173,54,67,52
5,J11,Post,697,323,135,239
5,J12,Pre,144,60,32,52
5,J12,Post,183,40,70,73
5,J13,Pre,170,74,38,58
5,J13,Post,480,194,140,146
5,J14,Pre,13,5,2,6
5,J14,Post,38,18,9,11
5,J15,Pre,46,23,8,15
5,J15,Post,127,37,50,40
5,J16,Pre,94,36,30,28
5,J16,Post,209,75,66,68
5,J17,Pre,143,57,49,37
5,J17,Post,233,58,65,110
5,J18,Pre,258,109,67,82
5,J18,Post,579,172,153,254
5,J19,Pre,2,0,0,2
5,J19,Post,276,50,102,124
5,J20,Pre,192,92,41,59
5,J20,Post,352,88,115,149
5,J21,Pre,293,125,62,106
5,J21,Post,562,127,175,260
5,J22,Pre,159,69,40,50
5,J22,Post,64,27,18,19
5,J23,Pre,163,81,45,37
5,J23,Post,188,92,44,52
5,J24,Pre,229,112,57,60
5,J24,Post,291,71,128,92
5,J25,Pre,114,55,21,38
5,J25,Post,276,61,127,88
6,J01,Pre,79,39,16,24
6,J01,Post,59,27,11,21
6,J02,Pre,219,109,54,56
6,J02,Post,119,52,25,42
6,J03,Pre,141,70,24,47
6,J03,Post,365,212,53,100
6,J04,Pre,205,111,40,54
6,J04,Post,501,234,107,160
6,J05,Pre,164,81,46,37
6,J05,Post,435,204,116,115
6,J06,Pre,121,63,31,27
6,J06,Post,47,19,12,16
6,J07,Pre,144,82,31,31
6,J07,Post,64,35,11,18
6,J08,Pre,108,49,21,38
6,J08,Post,247,140,49,58
6,J09,Pre,192,98,49,45
6,J09,Post,12,5,2,5
6,J10,Pre,96,45,25,26
6,J10,Post,160,68,34,58
6,J11,Pre,202,101,52,49
6,J11,Post,1,0,0,1
6,J12,Pre,156,69,36,51
6,J12,Post,637,411,91,135
6,J13,Pre,222,105,68,49
6,J13,Post,373,179,92,102
6,J14,Pre,47,29,9,9
6,J14,Post,106,47,30,29
6,J15,Pre,80,39,15,26
6,J15,Post,150,85,30,35
6,J16,Pre,109,49,26,34
6,J16,Post,36,15,10,11
6,J17,Pre,186,77,53,56
6,J17,Post,331,156,101,74
6,J18,Pre,276,115,67,94
6,J18,Post,478,211,99,168
6,J19,Pre,194,83,51,60
6,J19,Post,384,206,89,89
6,J20,Pre,163,88,34,41
6,J20,Post,74,34,21,19
6,J21,Pre,281,155,60,66
6,J21,Post,107,50,31,26
6,J22,Pre,288,149,69,70
6,J22,Post,480,218,115,147
6,J23,Pre,285,145,58,82
6,J23,Post,523,206,139,178
6,J24,Pre,296,153,66,77
6,J24,Post,114,58,21,35
6,J25,Pre,180,90,49,41
6,J25,Post,477,270,112,95
7,J01,Pre,51,25,12,14
7,J01,Post,50,22,14,14
7,J02,Pre,141,67,42,32
7,J02,Post,490,320,72,98
7,J03,Pre,198,104,52,42
7,J03,Post,584,447,70,67
7,J04,Pre,353,166,72,115
7,J04,Post,1249,1034,117,98
7,J05,Pre,168,72,51,45
7,J05,Post,410,253,65,92
7,J06,Pre,117,54,27,36
7,J06,Post,27,13,6,8
7,J07,Pre,196,89,58,49
7,J07,Post,313,173,55,85
7,J08,Pre,126,60,33,33
7,J08,Post,280,183,55,42
7,J09,Pre,184,89,39,56
7,J09,Post,493,337,72,84
7,J10,Pre,106,48,30,28
7,J10,Post,1,0,0,1
7,J11,Pre,162,76,41,45
7,J11,Post,457,308,75,74
7,J12,Pre,201,102,50,49
7,J12,Post,97,44,19,34
7,J13,Pre,239,120,45,74
7,J13,Post,68,36,18,14
7,J14,Pre,56,27,12,17
7,J14,Post,6,2,1,3
7,J15,Pre,74,39,13,22
7,J15,Post,138,76,30,32
7,J16,Pre,108,55,28,25
7,J16,Post,256,161,54,41
7,J17,Pre,177,89,40,48
7,J17,Post,369,217,72,80
7,J18,Pre,303,160,52,91
7,J18,Post,100,52,18,30
7,J19,Pre,146,63,49,34
7,J19,Post,7,3,1,3
7,J20,Pre,169,81,43,45
7,J20,Post,481,303,91,87
7,J21,Pre,261,136,66,59
7,J21,Post,1291,1095,83,113
7,J22,Pre,303,162,68,73
7,J22,Post,720,541,106,73
7,J23,Pre,272,137,62,73
7,J23,Post,754,464,171,119
7,J24,Pre,307,134,94,79
7,J24,Post,850,613,90,147
7,J25,Pre,186,92,47,47
7,J25,Post,19,9,5,5
8,J01,Pre,59,31,12,16
8,J01,Post,24,11,6,7
8,J02,Pre,162,72,37,53
8,J02,Post,508,180,156,172
8,J03,Pre,56,27,10,19
8,J03,Post,218,61,73,84
8,J04,Pre,344,171,102,71
8,J04,Post,376,69,167,140
8,J05,Pre,175,61,66,48
8,J05,Post,481,143,181,157
8,J06,Pre,68,34,18,16
8,J06,Post,239,46,95,98
8,J07,Pre,93,48,22,23
8,J07,Post,278,72,93,113
8,J08,Pre,98,48,18,32
8,J08,Post,0,0,0,0
8,J09,Pre,140,60,40,40
8,J09,Post,52,25,12,15
8,J10,Pre,94,54,18,22
8,J10,Post,121,36,36,49
8,J11,Pre,146,72,36,38
8,J11,Post,349,79,142,128
8,J12,Pre,237,114,61,62
8,J12,Post,65,26,20,19
8,J13,Pre,200,86,40,74
8,J13,Post,61,35,15,11
8,J14,Pre,37,19,6,12
8,J14,Post,152,57,45,50
8,J15,Pre,77,36,14,27
8,J15,Post,107,28,46,33
8,J16,Pre,69,33,17,19
8,J16,Post,187,50,58,79
8,J17,Pre,166,68,34,64
8,J17,Post,306,65,133,108
8,J18,Pre,262,126,54,82
8,J18,Post,846,346,264,236
8,J19,Pre,171,93,35,43
8,J19,Post,89,40,20,29
8,J20,Pre,150,63,46,41
8,J20,Post,0,0,0,0
8,J21,Pre,329,134,78,117
8,J21,Post,462,165,151,146
8,J22,Pre,171,86,33,52
8,J22,Post,680,249,200,231
8,J23,Pre,308,146,87,75
8,J23,Post,606,218,201,187
8,J24,Pre,188,92,38,58
8,J24,Post,79,42,12,25
8,J25,Pre,194,87,44,63
8,J25,Post,65,27,16,22
9,J01,Pre,63,28,14,21
9,J01,Post,154,84,31,39
9,J02,Pre,185,95,43,47
9,J02,Post,497,288,124,85
9,J03,Pre,107,47,34,26
9,J03,Post,348,233,57,58
9,J04,Pre,197,91,45,61
9,J04,Post,893,604,141,148
9,J05,Pre,150,58,44,48
9,J05,Post,115,61,29,25
9,J06,Pre,111,48,24,39
9,J06,Post,0,0,0,0
9,J07,Pre,149,69,38,42
9,J07,Post,374,202,68,104
9,J08,Pre,76,31,19,26
9,J08,Post,206,123,42,41
9,J09,Pre,174,72,50,52
9,J09,Post,36,17,9,10
9,J10,Pre,40,19,11,10
9,J10,Post,13,6,3,4
9,J11,Pre,173,74,51,48
9,J11,Post,471,329,77,65
9,J12,Pre,110,38,29,43
9,J12,Post,397,270,58,69
9,J13,Pre,240,114,49,77
9,J13,Post,18,7,3,8
9,J14,Pre,35,13,9,13
9,J14,Post,140,98,22,20
9,J15,Pre,85,40,21,24
9,J15,Post,25,11,7,7
9,J16,Pre,50,22,12,16
9,J16,Post,226,127,51,48
9,J17,Pre,85,39,22,24
9,J17,Post,14,6,3,5
9,J18,Pre,209,92,60,57
9,J18,Post,608,331,118,159
9,J19,Pre,123,69,31,23
9,J19,Post,367,193,93,81
9,J20,Pre,191,85,43,63
9,J20,Post,79,41,15,23
9,J21,Pre,229,109,57,63
9,J21,Post,42,18,13,11
9,J22,Pre,180,81,56,43
9,J22,Post,953,653,178,122
9,J23,Pre,165,61,40,64
9,J23,Post,1221,905,149,167
9,J24,Pre,167,75,42,50
9,J24,Post,613,366,146,101
9,J25,Pre,230,88,63,79
9,J25,Post,1045,992,28,25
10,J01,Pre,50,19,13,18
10,J01,Post,173,49,60,64
10,J02,Pre,81,30,23,28
10,J02,Post,315,115,92,108
10,J03,Pre,130,46,32,52
10,J03,Post,241,71,71,99
10,J04,Pre,88,27,24,37
10,J04,Post,0,0,0,0
10,J05,Pre,105,52,24,29
10,J05,Post,234,79,86,69
10,J06,Pre,83,32,24,27
10,J06,Post,38,18,9,11
10,J07,Pre,122,48,42,32
10,J07,Post,78,43,15,20
10,J08,Pre,100,40,20,40
10,J08,Post,190,34,84,72
10,J09,Pre,103,36,32,35
10,J09,Post,116,16,56,44
10,J10,Pre,62,19,16,27
10,J10,Post,0,0,0,0
10,J11,Pre,57,22,13,22
10,J11,Post,358,92,130,136
10,J12,Pre,110,51,27,32
10,J12,Post,222,31,97,94
10,J13,Pre,144,52,49,43
10,J13,Post,249,61,83,105
10,J14,Pre,30,12,8,10
10,J14,Post,55,6,22,27
10,J15,Pre,30,11,10,9
10,J15,Post,31,14,5,12
10,J16,Pre,127,57,35,35
10,J16,Post,171,64,63,44
10,J17,Pre,111,43,34,34
10,J17,Post,158,56,56,46
10,J18,Pre,209,72,51,86
10,J18,Post,0,0,0,0
10,J19,Pre,108,46,25,37
10,J19,Post,225,48,82,95
10,J20,Pre,120,56,28,36
10,J20,Post,79,42,17,20
10,J21,Pre,313,127,77,109
10,J21,Post,37,13,10,14
10,J22,Pre,320,140,100,80
10,J22,Post,466,124,177,165
10,J23,Pre,129,58,40,31
10,J23,Post,871,346,190,335
10,J24,Pre,149,55,54,40
10,J24,Post,811,261,212,338
10,J25,Pre,222,111,56,55
10,J25,Post,48,24,10,14
11,J01,Pre,97,38,26,33
11,J01,Post,167,44,68,55
11,J02,Pre,120,48,35,37
11,J02,Post,293,65,104,124
11,J03,Pre,112,40,41,31
11,J03,Post,45,25,8,12
11,J04,Pre,179,83,48,48
11,J04,Post,494,134,149,211
11,J05,Pre,238,72,76,90
11,J05,Post,1,0,0,1
11,J06,Pre,143,58,33,52
11,J06,Post,266,79,78,109
11,J07,Pre,118,45,31,42
11,J07,Post,376,134,95,147
11,J08,Pre,96,37,28,31
11,J08,Post,195,68,48,79
11,J09,Pre,105,48,26,31
11,J09,Post,94,47,24,23
11,J10,Pre,75,25,27,23
11,J10,Post,115,23,40,52
11,J11,Pre,141,51,35,55
11,J11,Post,51,22,11,18
11,J12,Pre,113,39,32,42
11,J12,Post,249,56,93,100
11,J13,Pre,223,90,64,69
11,J13,Post,346,104,135,107
11,J14,Pre,40,18,7,15
11,J14,Post,73,14,23,36
11,J15,Pre,53,19,13,21
11,J15,Post,113,22,51,40
11,J16,Pre,101,52,24,25
11,J16,Post,56,31,14,11
11,J17,Pre,94,43,26,25
11,J17,Post,309,74,115,120
11,J18,Pre,52,20,17,15
11,J18,Post,134,76,30,28
11,J19,Pre,150,62,49,39
11,J19,Post,371,124,128,119
11,J20,Pre,212,96,58,58
11,J20,Post,98,38,26,34
11,J21,Pre,281,124,85,72
11,J21,Post,34,15,10,9
11,J22,Pre,246,101,51,94
11,J22,Post,645,222,180,243
11,J23,Pre,91,39,19,33
11,J23,Post,193,19,95,79
11,J24,Pre,157,70,37,50
11,J24,Post,2,0,0,2
11,J25,Pre,155,70,29,56
11,J25,Post,308,78,123,107
12,J01,Pre,86,39,22,25
12,J01,Post,162,51,55,56
12,J02,Pre,254,150,61,43
12,J02,Post,418,147,141,130
12,J03,Pre,190,104,50,36
12,J03,Post,347,75,153,119
12,J04,Pre,235,123,41,71
12,J04,Post,109,49,28,32
12,J05,Pre,204,106,42,56
12,J05,Post,57,27,13,17
12,J06,Pre,137,61,38,38
12,J06,Post,21,12,2,7
12,J07,Pre,267,149,46,72
12,J07,Post,25,10,7,8
12,J08,Pre,134,70,23,41
12,J08,Post,6,2,1,3
12,J09,Pre,221,107,42,72
12,J09,Post,418,131,149,138
12,J10,Pre,135,72,30,33
12,J10,Post,167,63,60,44
12,J11,Pre,215,107,45,63
12,J11,Post,353,77,118,158
12,J12,Pre,157,93,26,38
12,J12,Post,441,147,142,152
12,J13,Pre,198,122,38,38
12,J13,Post,369,104,113,152
12,J14,Pre,67,35,12,20
12,J14,Post,84,26,33,25
12,J15,Pre,56,28,9,19
12,J15,Post,47,19,14,14
12,J16,Pre,130,87,17,26
12,J16,Post,44,22,8,14
12,J17,Pre,198,114,42,42
12,J17,Post,294,90,107,97
12,J18,Pre,242,148,43,51
12,J18,Post,497,165,158,174
12,J19,Pre,248,136,64,48
12,J19,Post,31,15,6,10
12,J20,Pre,369,164,120,85
12,J20,Post,335,84,111,140
12,J21,Pre,435,234,97,104
12,J21,Post,464,123,134,207
12,J22,Pre,283,151,66,66
12,J22,Post,580,267,110,203
12,J23,Pre,399,208,89,102
12,J23,Post,456,140,184,132
12,J24,Pre,311,157,57,97
12,J24,Post,400,77,158,165
12,J25,Pre,287,141,57,89
12,J25,Post,96,48,21,27
13,J01,Pre,91,46,21,24
13,J01,Post,213,144,38,31
13,J02,Pre,198,129,36,33
13,J02,Post,100,55,16,29
13,J03,Pre,214,109,60,45
13,J03,Post,451,327,53,71
13,J04,Pre,295,174,47,74
13,J04,Post,653,440,112,101
13,J05,Pre,169,94,43,32
13,J05,Post,25,13,5,7
13,J06,Pre,165,92,29,44
13,J06,Post,351,246,48,57
13,J07,Pre,274,167,37,70
13,J07,Post,513,344,63,106
13,J08,Pre,100,51,21,28
13,J08,Post,305,242,26,37
13,J09,Pre,260,156,43,61
13,J09,Post,13,7,3,3
13,J10,Pre,93,47,24,22
13,J10,Post,242,158,45,39
13,J11,Pre,263,152,62,49
13,J11,Post,505,351,64,90
13,J12,Pre,213,139,40,34
13,J12,Post,296,205,50,41
13,J13,Pre,260,147,66,47
13,J13,Post,804,619,102,83
13,J14,Pre,66,40,11,15
13,J14,Post,16,7,4,5
13,J15,Pre,81,54,15,12
13,J15,Post,184,119,31,34
13,J16,Pre,72,36,18,18
13,J16,Post,6,3,1,2
13,J17,Pre,172,101,41,30
13,J17,Post,422,260,56,106
13,J18,Pre,206,123,48,35
13,J18,Post,106,49,33,24
13,J19,Pre,232,136,37,59
13,J19,Post,32,16,5,11
13,J20,Pre,201,137,31,33
13,J20,Post,548,303,133,112
13,J21,Pre,359,170,71,118
13,J21,Post,151,74,40,37
13,J22,Pre,388,218,88,82
13,J22,Post,676,470,93,113
13,J23,Pre,327,181,65,81
13,J23,Post,64,29,13,22
13,J24,Pre,470,274,105,91
13,J24,Post,851,615,111,125
13,J25,Pre,207,118,40,49
13,J25,Post,465,286,89,90
14,J01,Pre,82,42,19,21
14,J01,Post,16,5,5,6
14,J02,Pre,158,84,31,43
14,J02,Post,481,301,88,92
14,J03,Pre,175,99,28,48
14,J03,Post,331,220,39,72
14,J04,Pre,212,122,31,59
14,J04,Post,655,384,97,174
14,J05,Pre,234,136,41,57
14,J05,Post,413,249,61,103
14,J06,Pre,195,109,49,37
14,J06,Post,352,247,57,48
14,J07,Pre,231,127,40,64
14,J07,Post,423,313,61,49
14,J08,Pre,102,48,31,23
14,J08,Post,28,11,6,11
14,J09,Pre,251,139,61,51
14,J09,Post,425,281,62,82
14,J10,Pre,82,42,20,20
14,J10,Post,73,36,16,21
14,J11,Pre,191,109,34,48
14,J11,Post,387,246,68,73
14,J12,Pre,179,106,34,39
14,J12,Post,638,523,58,57
14,J13,Pre,227,129,36,62
14,J13,Post,779,568,109,102
14,J14,Pre,63,38,10,15
14,J14,Post,7,3,1,3
14,J15,Pre,78,41,19,18
14,J15,Post,197,133,32,32
14,J16,Pre,76,37,19,20
14,J16,Post,25,12,4,9
14,J17,Pre,130,56,31,43
14,J17,Post,361,247,44,70
14,J18,Pre,242,120,50,72
14,J18,Post,993,780,90,123
14,J19,Pre,137,62,38,37
14,J19,Post,591,405,82,104
14,J20,Pre,294,164,57,73
14,J20,Post,61,31,17,13
14,J21,Pre,316,150,68,98
14,J21,Post,89,40,23,26
14,J22,Pre,298,185,60,53
14,J22,Post,699,459,85,155
14,J23,Pre,259,150,51,58
14,J23,Post,181,94,42,45
14,J24,Pre,259,108,87,64
14,J24,Post,14,6,4,4
14,J25,Pre,165,96,27,42
14,J25,Post,1053,993,24,36
15,J01,Pre,82,42,15,25
15,J01,Post,31,14,7,10
15,J02,Pre,153,75,36,42
15,J02,Post,84,36,28,20
15,J03,Pre,163,74,35,54
15,J03,Post,285,106,66,113
15,J04,Pre,358,141,101,116
15,J04,Post,142,63,29,50
15,J05,Pre,150,72,41,37
15,J05,Post,305,90,128,87
15,J06,Pre,117,59,29,29
15,J06,Post,199,54,80,65
15,J07,Pre,202,125,43,34
15,J07,Post,271,55,76,140
15,J08,Pre,96,43,21,32
15,J08,Post,26,10,7,9
15,J09,Pre,190,89,41,60
15,J09,Post,289,94,102,93
15,J10,Pre,100,53,20,27
15,J10,Post,46,23,12,11
15,J11,Pre,166,86,41,39
15,J11,Post,304,57,144,103
15,J12,Pre,151,70,44,37
15,J12,Post,365,114,100,151
15,J13,Pre,117,50,38,29
15,J13,Post,205,46,84,75
15,J14,Pre,16,9,3,4
15,J14,Post,65,16,23,26
15,J15,Pre,78,41,18,19
15,J15,Post,87,20,27,40
15,J16,Pre,89,40,18,31
15,J16,Post,201,90,49,62
15,J17,Pre,105,54,20,31
15,J17,Post,656,317,136,203
15,J18,Pre,375,191,65,119
15,J18,Post,327,85,141,101
15,J19,Pre,170,87,42,41
15,J19,Post,375,155,92,128
15,J20,Pre,190,84,52,54
15,J20,Post,446,123,187,136
15,J21,Pre,300,125,83,92
15,J21,Post,515,133,207,175
15,J22,Pre,362,178,85,99
15,J22,Post,46,16,12,18
15,J23,Pre,303,168,65,70
15,J23,Post,132,49,42,41
15,J24,Pre,197,103,34,60
15,J24,Post,44,21,8,15
15,J25,Pre,175,85,37,53
15,J25,Post,89,47,24,18
16,J01,Pre,114,69,19,26
16,J01,Post,234,171,26,37
16,J02,Pre,184,124,34,26
16,J02,Post,812,669,68,75
16,J03,Pre,184,119,31,34
16,J03,Post,6,3,1,2
16,J04,Pre,381,261,69,51
16,J04,Post,156,81,43,32
16,J05,Pre,246,139,60,47
16,J05,Post,592,361,119,112
16,J06,Pre,205,125,37,43
16,J06,Post,310,179,78,53
16,J07,Pre,252,143,45,64
16,J07,Post,526,403,46,77
16,J08,Pre,139,80,22,37
16,J08,Post,253,150,40,63
16,J09,Pre,262,168,46,48
16,J09,Post,14,6,3,5
16,J10,Pre,133,85,27,21
16,J10,Post,30,15,5,10
16,J11,Pre,191,112,46,33
16,J11,Post,24,10,7,7
16,J12,Pre,190,125,33,32
16,J12,Post,517,394,45,78
16,J13,Pre,168,107,27,34
16,J13,Post,453,276,79,98
16,J14,Pre,66,40,9,17
16,J14,Post,122,64,25,33
16,J15,Pre,70,41,16,13
16,J15,Post,146,81,26,39
16,J16,Pre,127,78,21,28
16,J16,Post,18,9,4,5
16,J17,Pre,211,135,29,47
16,J17,Post,491,348,72,71
16,J18,Pre,406,271,55,80
16,J18,Post,1062,902,79,81
16,J19,Pre,251,185,24,42
16,J19,Post,618,454,78,86
16,J20,Pre,176,112,24,40
16,J20,Post,0,0,0,0
16,J21,Pre,402,247,65,90
16,J21,Post,770,467,108,195
16,J22,Pre,290,158,68,64
16,J22,Post,0,0,0,0
16,J23,Pre,438,258,71,109
16,J23,Post,1411,1305,48,58
16,J24,Pre,382,259,52,71
16,J24,Post,77,38,22,17
16,J25,Pre,269,193,31,45
16,J25,Post,468,306,96,66
17,J01,Pre,105,52,22,31
17,J01,Post,100,49,29,22
17,J02,Pre,110,64,22,24
17,J02,Post,137,76,25,36
17,J03,Pre,175,84,51,40
17,J03,Post,98,54,24,20
17,J04,Pre,259,119,83,57
17,J04,Post,6,2,1,3
17,J05,Pre,136,73,31,32
17,J05,Post,147,66,30,51
17,J06,Pre,119,55,37,27
17,J06,Post,276,123,74,79
17,J07,Pre,85,41,22,22
17,J07,Post,359,162,106,91
17,J08,Pre,124,65,23,36
17,J08,Post,215,134,37,44
17,J09,Pre,246,115,49,82
17,J09,Post,424,236,66,122
17,J10,Pre,89,35,19,35
17,J10,Post,39,14,14,11
17,J11,Pre,182,86,34,62
17,J11,Post,110,56,31,23
17,J12,Pre,191,103,48,40
17,J12,Post,632,474,55,103
17,J13,Pre,203,88,66,49
17,J13,Post,74,35,21,18
17,J14,Pre,49,19,15,15
17,J14,Post,101,46,24,31
17,J15,Pre,91,43,22,26
17,J15,Post,133,59,34,40
17,J16,Pre,88,42,19,27
17,J16,Post,260,155,50,55
17,J17,Pre,207,105,58,44
17,J17,Post,51,24,14,13
17,J18,Pre,200,87,63,50
17,J18,Post,639,371,126,142
17,J19,Pre,186,76,41,69
17,J19,Post,393,195,104,94
17,J20,Pre,209,96,50,63
17,J20,Post,109,56,23,30
17,J21,Pre,259,123,63,73
17,J21,Post,623,305,139,179
17,J22,Pre,350,154,109,87
17,J22,Post,551,268,123,160
17,J23,Pre,171,90,31,50
17,J23,Post,448,209,103,136
17,J24,Pre,221,98,46,77
17,J24,Post,404,152,145,107
17,J25,Pre,191,98,52,41
17,J25,Post,379,199,78,102
18,J01,Pre,45,19,14,12
18,J01,Post,206,121,34,51
18,J02,Pre,208,87,56,65
18,J02,Post,21,10,4,7
18,J03,Pre,151,66,41,44
18,J03,Post,0,0,0,0
18,J04,Pre,303,144,80,79
18,J04,Post,119,55,33,31
18,J05,Pre,208,98,41,69
18,J05,Post,474,290,96,88
18,J06,Pre,112,49,31,32
18,J06,Post,285,178,42,65
18,J07,Pre,186,95,50,41
18,J07,Post,556,420,54,82
18,J08,Pre,80,37,24,19
18,J08,Post,63,33,15,15
18,J09,Pre,109,46,36,27
18,J09,Post,184,92,54,38
18,J10,Pre,110,51,31,28
18,J10,Post,303,215,49,39
18,J11,Pre,219,86,57,76
18,J11,Post,480,290,113,77
18,J12,Pre,96,39,22,35
18,J12,Post,538,333,78,127
18,J13,Pre,300,158,75,67
18,J13,Post,355,230,71,54
18,J14,Pre,42,20,12,10
18,J14,Post,133,88,17,28
18,J15,Pre,60,24,17,19
18,J15,Post,331,292,18,21
18,J16,Pre,80,41,18,21
18,J16,Post,333,233,46,54
18,J17,Pre,174,77,38,59
18,J17,Post,378,225,61,92
18,J18,Pre,191,101,51,39
18,J18,Post,1243,991,146,106
18,J19,Pre,163,78,37,48
18,J19,Post,101,42,32,27
18,J20,Pre,184,71,61,52
18,J20,Post,124,61,33,30
18,J21,Pre,323,147,97,79
18,J21,Post,1084,825,136,123
18,J22,Pre,197,93,39,65
18,J22,Post,615,436,72,107
18,J23,Pre,315,129,101,85
18,J23,Post,49,25,8,16
18,J24,Pre,283,156,69,58
18,J24,Post,155,69,36,50
18,J25,Pre,183,76,58,49
18,J25,Post,600,375,125,100
19,J01,Pre,66,26,17,23
19,J01,Post,8,3,1,4
19,J02,Pre,246,131,41,74
19,J02,Post,97,36,29,32
19,J03,Pre,150,68,39,43
19,J03,Post,222,96,71,55
19,J04,Pre,254,144,59,51
19,J04,Post,477,248,131,98
19,J05,Pre,261,155,43,63
19,J05,Post,373,162,88,123
19,J06,Pre,119,58,21,40
19,J06,Post,281,154,67,60
19,J07,Pre,151,79,32,40
19,J07,Post,410,186,119,105
19,J08,Pre,140,62,36,42
19,J08,Post,235,132,57,46
19,J09,Pre,188,87,40,61
19,J09,Post,333,116,94,123
19,J10,Pre,90,44,21,25
19,J10,Post,158,79,39,40
19,J11,Pre,184,103,44,37
19,J11,Post,314,154,79,81
19,J12,Pre,184,96,34,54
19,J12,Post,677,419,135,123
19,J13,Pre,230,122,46,62
19,J13,Post,136,68,35,33
19,J14,Pre,78,34,25,19
19,J14,Post,113,58,27,28
19,J15,Pre,77,37,22,18
19,J15,Post,33,16,7,10
19,J16,Pre,76,35,18,23
19,J16,Post,164,67,43,54
19,J17,Pre,103,63,15,25
19,J17,Post,38,18,7,13
19,J18,Pre,353,169,94,90
19,J18,Post,523,268,124,131
19,J19,Pre,155,80,34,41
19,J19,Post,73,40,13,20
19,J20,Pre,246,139,37,70
19,J20,Post,357,149,116,92
19,J21,Pre,266,127,82,57
19,J21,Post,644,336,154,154
19,J22,Pre,278,124,84,70
19,J22,Post,484,212,157,115
19,J23,Pre,241,144,34,63
19,J23,Post,32,14,8,10
19,J24,Pre,379,206,66,107
19,J24,Post,32,15,8,9
19,J25,Pre,259,130,62,67
19,J25,Post,172,100,31,41
20,J01,Pre,79,35,15,29
20,J01,Post,185,116,32,37
20,J02,Pre,134,64,35,35
20,J02,Post,121,59,22,40
20,J03,Pre,192,90,59,43
20,J03,Post,461,266,80,115
20,J04,Pre,232,112,64,56
20,J04,Post,616,399,100,117
20,J05,Pre,177,92,41,44
20,J05,Post,561,328,116,117
20,J06,Pre,96,51,18,27
20,J06,Post,34,15,11,8
20,J07,Pre,184,85,43,56
20,J07,Post,351,237,46,68
20,J08,Pre,93,48,23,22
20,J08,Post,35,19,6,10
20,J09,Pre,146,68,46,32
20,J09,Post,464,273,79,112
20,J10,Pre,94,52,16,26
20,J10,Post,284,185,38,61
20,J11,Pre,283,121,79,83
20,J11,Post,0,0,0,0
20,J12,Pre,196,112,46,38
20,J12,Post,665,503,73,89
20,J13,Pre,136,68,28,40
20,J13,Post,60,24,18,18
20,J14,Pre,48,23,11,14
20,J14,Post,19,10,3,6
20,J15,Pre,91,43,17,31
20,J15,Post,5,2,1,2
20,J16,Pre,93,46,16,31
20,J16,Post,248,146,54,48
20,J17,Pre,158,77,36,45
20,J17,Post,380,254,49,77
20,J18,Pre,269,124,61,84
20,J18,Post,606,364,101,141
20,J19,Pre,199,103,47,49
20,J19,Post,9,4,1,4
20,J20,Pre,323,147,103,73
20,J20,Post,512,319,68,125
20,J21,Pre,216,103,45,68
20,J21,Post,780,498,151,131
20,J22,Pre,364,174,74,116
20,J22,Post,569,347,109,113
20,J23,Pre,340,149,67,124
20,J23,Post,851,532,112,207
20,J24,Pre,281,142,48,91
20,J24,Post,463,269,79,115
20,J25,Pre,232,134,38,60
20,J25,Post,81,48,12,21
21,J01,Pre,74,31,16,27
21,J01,Post,16,6,3,7
21,J02,Pre,98,40,30,28
21,J02,Post,69,38,17,14
21,J03,Pre,169,80,46,43
21,J03,Post,396,121,134,141
21,J04,Pre,262,123,76,63
21,J04,Post,564,182,139,243
21,J05,Pre,221,126,53,42
21,J05,Post,65,31,19,15
21,J06,Pre,135,53,47,35
21,J06,Post,52,27,11,14
21,J07,Pre,102,37,26,39
21,J07,Post,374,159,121,94
21,J08,Pre,71,37,12,22
21,J08,Post,154,48,48,58
21,J09,Pre,200,80,59,61
21,J09,Post,279,99,73,107
21,J10,Pre,84,33,22,29
21,J10,Post,0,0,0,0
21,J11,Pre,209,109,37,63
21,J11,Post,40,20,9,11
21,J12,Pre,120,48,36,36
21,J12,Post,355,135,106,114
21,J13,Pre,95,41,31,23
21,J13,Post,259,46,104,109
21,J14,Pre,61,28,13,20
21,J14,Post,86,30,30,26
21,J15,Pre,61,28,16,17
21,J15,Post,96,27,39,30
21,J16,Pre,114,51,28,35
21,J16,Post,292,119,79,94
21,J17,Pre,159,66,46,47
21,J17,Post,259,91,92,76
21,J18,Pre,165,72,44,49
21,J18,Post,0,0,0,0
21,J19,Pre,151,69,30,52
21,J19,Post,411,172,106,133
21,J20,Pre,155,67,45,43
21,J20,Post,54,27,14,13
21,J21,Pre,302,143,60,99
21,J21,Post,392,89,140,163
21,J22,Pre,215,97,59,59
21,J22,Post,545,176,198,171
21,J23,Pre,189,94,41,54
21,J23,Post,96,39,20,37
21,J24,Pre,187,81,60,46
21,J24,Post,588,148,165,275
21,J25,Pre,207,97,50,60
21,J25,Post,292,66,104,122
22,J01,Pre,66,27,16,23
22,J01,Post,32,12,8,12
22,J02,Pre,126,61,27,38
22,J02,Post,239,52,92,95
22,J03,Pre,207,104,46,57
22,J03,Post,395,125,103,167
22,J04,Pre,149,79,36,34
22,J04,Post,513,173,142,198
22,J05,Pre,214,98,51,65
22,J05,Post,269,79,99,91
22,J06,Pre,110,60,28,22
22,J06,Post,223,62,65,96
22,J07,Pre,120,65,20,35
22,J07,Post,0,0,0,0
22,J08,Pre,101,50,29,22
22,J08,Post,196,48,70,78
22,J09,Pre,167,74,47,46
22,J09,Post,107,49,30,28
22,J10,Pre,127,66,31,30
22,J10,Post,35,17,9,9
22,J11,Pre,223,128,44,51
22,J11,Post,98,54,23,21
22,J12,Pre,204,92,58,54
22,J12,Post,327,102,117,108
22,J13,Pre,182,101,44,37
22,J13,Post,435,144,152,139
22,J14,Pre,55,32,12,11
22,J14,Post,76,22,28,26
22,J15,Pre,80,37,15,28
22,J15,Post,130,23,47,60
22,J16,Pre,58,26,15,17
22,J16,Post,36,17,10,9
22,J17,Pre,171,92,30,49
22,J17,Post,35,19,8,8
22,J18,Pre,301,132,63,106
22,J18,Post,196,93,53,50
22,J19,Pre,157,75,46,36
22,J19,Post,349,117,83,149
22,J20,Pre,218,123,44,51
22,J20,Post,95,49,26,20
22,J21,Pre,232,116,57,59
22,J21,Post,557,146,225,186
22,J22,Pre,378,191,72,115
22,J22,Post,393,100,123,170
22,J23,Pre,131,51,38,42
22,J23,Post,807,345,228,234
22,J24,Pre,303,133,94,76
22,J24,Post,764,229,219,316
22,J25,Pre,211,90,43,78
22,J25,Post,485,198,109,178
23,J01,Pre,42,11,15,16
23,J01,Post,115,34,41,40
23,J02,Pre,157,66,46,45
23,J02,Post,326,99,123,104
23,J03,Pre,118,35,45,38
23,J03,Post,183,36,75,72
23,J04,Pre,62,24,13,25
23,J04,Post,641,156,180,305
23,J05,Pre,142,50,36,56
23,J05,Post,24,10,6,8
23,J06,Pre,69,18,20,31
23,J06,Post,198,37,96,65
23,J07,Pre,133,34,48,51
23,J07,Post,81,34,20,27
23,J08,Pre,26,9,8,9
23,J08,Post,135,41,56,38
23,J09,Pre,179,54,65,60
23,J09,Post,347,81,115,151
23,J10,Pre,78,17,31,30
23,J10,Post,32,17,6,9
23,J11,Pre,176,65,46,65
23,J11,Post,234,33,112,89
23,J12,Pre,75,26,19,30
23,J12,Post,331,93,113,125
23,J13,Pre,124,39,33,52
23,J13,Post,23,12,6,5
23,J14,Pre,20,6,6,8
23,J14,Post,72,13,23,36
23,J15,Pre,32,10,11,11
23,J15,Post,12,6,2,4
23,J16,Pre,96,34,36,26
23,J16,Post,42,22,7,13
23,J17,Pre,58,18,19,21
23,J17,Post,19,9,4,6
23,J18,Pre,66,25,16,25
23,J18,Post,173,93,43,37
23,J19,Pre,106,36,33,37
23,J19,Post,264,73,96,95
23,J20,Pre,58,21,18,19
23,J20,Post,368,75,132,161
23,J21,Pre,138,45,35,58
23,J21,Post,447,35,221,191
23,J22,Pre,146,64,41,41
23,J22,Post,720,245,273,202
23,J23,Pre,216,76,59,81
23,J23,Post,560,149,225,186
23,J24,Pre,112,29,47,36
23,J24,Post,0,0,0,0
23,J25,Pre,105,37,27,41
23,J25,Post,331,93,134,104
24,J01,Pre,59,22,12,25
24,J01,Post,17,7,5,5
24,J02,Pre,197,63,74,60
24,J02,Post,459,228,135,96
24,J03,Pre,115,49,34,32
24,J03,Post,390,259,75,56
24,J04,Pre,226,79,63,84
24,J04,Post,671,381,102,188
24,J05,Pre,183,72,55,56
24,J05,Post,472,303,89,80
24,J06,Pre,136,42,41,53
24,J06,Post,37,16,8,13
24,J07,Pre,170,59,50,61
24,J07,Post,536,334,95,107
24,J08,Pre,62,22,21,19
24,J08,Post,218,129,47,42
24,J09,Pre,60,22,15,23
24,J09,Post,17,7,3,7
24,J10,Pre,74,35,17,22
24,J10,Post,220,146,27,47
24,J11,Pre,141,51,42,48
24,J11,Post,390,224,62,104
24,J12,Pre,168,57,57,54
24,J12,Post,311,148,85,78
24,J13,Pre,81,34,25,22
24,J13,Post,53,27,9,17
24,J14,Pre,13,4,4,5
24,J14,Post,2,0,0,2
24,J15,Pre,80,28,24,28
24,J15,Post,2,0,0,2
24,J16,Pre,38,14,12,12
24,J16,Post,237,159,42,36
24,J17,Pre,117,47,29,41
24,J17,Post,37,18,10,9
24,J18,Pre,45,17,14,14
24,J18,Post,1109,915,76,118
24,J19,Pre,74,23,19,32
24,J19,Post,124,54,41,29
24,J20,Pre,229,80,67,82
24,J20,Post,53,26,11,16
24,J21,Pre,84,31,20,33
24,J21,Post,683,413,122,148
24,J22,Pre,237,59,82,96
24,J22,Post,762,511,101,150
24,J23,Pre,164,62,56,46
24,J23,Post,461,253,80,128
24,J24,Pre,130,45,45,40
24,J24,Post,1089,854,117,118
24,J25,Pre,140,61,28,51
24,J25,Post,572,364,113,95
25,J01,Pre,55,19,18,18
25,J01,Post,174,88,39,47
25,J02,Pre,153,66,44,43
25,J02,Post,73,37,12,24
25,J03,Pre,109,38,36,35
25,J03,Post,353,218,58,77
25,J04,Pre,205,60,62,83
25,J04,Post,138,68,39,31
25,J05,Pre,104,34,33,37
25,J05,Post,389,208,93,88
25,J06,Pre,61,20,14,27
25,J06,Post,77,38,16,23
25,J07,Pre,77,28,20,29
25,J07,Post,610,449,57,104
25,J08,Pre,62,22,18,22
25,J08,Post,184,99,41,44
25,J09,Pre,75,32,21,22
25,J09,Post,29,13,5,11
25,J10,Pre,83,26,31,26
25,J10,Post,26,12,5,9
25,J11,Pre,129,43,45,41
25,J11,Post,271,133,77,61
25,J12,Pre,44,14,17,13
25,J12,Post,528,345,68,115
25,J13,Pre,91,38,31,22
25,J13,Post,6,2,1,3
25,J14,Pre,20,7,6,7
25,J14,Post,23,9,7,7
25,J15,Pre,57,22,20,15
25,J15,Post,168,106,24,38
25,J16,Pre,75,26,22,27
25,J16,Post,243,136,60,47
25,J17,Pre,153,54,47,52
25,J17,Post,410,303,45,62
25,J18,Pre,167,73,46,48
25,J18,Post,134,56,42,36
25,J19,Pre,148,47,55,46
25,J19,Post,25,11,5,9
25,J20,Pre,160,46,61,53
25,J20,Post,823,585,113,125
25,J21,Pre,224,72,67,85
25,J21,Post,613,376,133,104
25,J22,Pre,180,72,38,70
25,J22,Post,536,313,116,107
25,J23,Pre,179,58,69,52
25,J23,Post,1256,1065,102,89
25,J24,Pre,237,65,68,104
25,J24,Post,698,468,83,147
25,J25,Pre,68,26,21,21
25,J25,Post,529,319,90,120
26,J01,Pre,67,30,19,18
26,J01,Post,0,0,0,0
26,J02,Pre,150,62,39,49
26,J02,Post,13,6,3,4
26,J03,Pre,128,65,31,32
26,J03,Post,310,81,126,103
26,J04,Pre,344,167,94,83
26,J04,Post,416,73,179,164
26,J05,Pre,139,47,54,38
26,J05,Post,71,30,22,19
26,J06,Pre,101,43,32,26
26,J06,Post,304,77,87,140
26,J07,Pre,119,56,27,36
26,J07,Post,57,27,15,15
26,J08,Pre,67,30,13,24
26,J08,Post,197,55,60,82
26,J09,Pre,158,75,31,52
26,J09,Post,418,148,129,141
26,J10,Pre,72,31,24,17
26,J10,Post,70,35,17,18
26,J11,Pre,216,108,49,59
26,J11,Post,136,63,27,46
26,J12,Pre,156,76,30,50
26,J12,Post,298,63,110,125
26,J13,Pre,205,84,59,62
26,J13,Post,259,97,91,71
26,J14,Pre,39,18,7,14
26,J14,Post,73,23,24,26
26,J15,Pre,66,35,11,20
26,J15,Post,17,7,4,6
26,J16,Pre,81,42,14,25
26,J16,Post,229,56,85,88
26,J17,Pre,76,31,21,24
26,J17,Post,25,11,5,9
26,J18,Pre,232,91,80,61
26,J18,Post,495,175,125,195
26,J19,Pre,93,38,24,31
26,J19,Post,257,65,97,95
26,J20,Pre,307,144,71,92
26,J20,Post,473,184,134,155
26,J21,Pre,165,76,36,53
26,J21,Post,261,21,97,143
26,J22,Pre,147,57,43,47
26,J22,Post,318,88,133,97
26,J23,Pre,319,163,65,91
26,J23,Post,448,132,160,156
26,J24,Pre,235,104,53,78
26,J24,Post,739,282,205,252
26,J25,Pre,219,99,64,56
26,J25,Post,14,7,3,4
27,J01,Pre,73,28,19,26
27,J01,Post,159,71,50,38
27,J02,Pre,154,64,45,45
27,J02,Post,454,242,95,117
27,J03,Pre,126,59,36,31
27,J03,Post,62,24,19,19
27,J04,Pre,237,111,65,61
27,J04,Post,611,296,111,204
27,J05,Pre,142,63,43,36
27,J05,Post,18,10,3,5
27,J06,Pre,106,45,27,34
27,J06,Post,304,161,81,62
27,J07,Pre,114,43,41,30
27,J07,Post,484,284,93,107
27,J08,Pre,67,29,20,18
27,J08,Post,188,99,43,46
27,J09,Pre,176,68,39,69
27,J09,Post,9,3,3,3
27,J10,Pre,80,32,27,21
27,J10,Post,18,7,5,6
27,J11,Pre,24,10,8,6
27,J11,Post,500,273,134,93
27,J12,Pre,129,66,28,35
27,J12,Post,684,395,131,158
27,J13,Pre,72,28,24,20
27,J13,Post,15,6,4,5
27,J14,Pre,47,22,14,11
27,J14,Post,91,39,18,34
27,J15,Pre,31,12,7,12
27,J15,Post,109,51,21,37
27,J16,Pre,78,36,23,19
27,J16,Post,119,51,30,38
27,J17,Pre,68,33,17,18
27,J17,Post,291,151,54,86
27,J18,Pre,178,91,36,51
27,J18,Post,767,448,166,153
27,J19,Pre,179,90,49,40
27,J19,Post,332,145,108,79
27,J20,Pre,117,57,24,36
27,J20,Post,129,61,24,44
27,J21,Pre,200,95,59,46
27,J21,Post,501,225,106,170
27,J22,Pre,192,76,66,50
27,J22,Post,432,196,116,120
27,J23,Pre,214,110,56,48
27,J23,Post,26,10,6,10
27,J24,Pre,142,56,37,49
27,J24,Post,116,52,26,38
27,J25,Pre,192,91,50,51
27,J25,Post,59,23,18,18
28,J01,Pre,48,16,15,17
28,J01,Post,166,94,31,41
28,J02,Pre,120,50,28,42
28,J02,Post,7,3,2,2
28,J03,Pre,81,30,26,25
28,J03,Post,330,166,61,103
28,J04,Pre,183,65,70,48
28,J04,Post,406,155,127,124
28,J05,Pre,157,62,43,52
28,J05,Post,455,255,71,129
28,J06,Pre,97,33,23,41
28,J06,Post,96,46,27,23
28,J07,Pre,175,57,42,76
28,J07,Post,336,174,77,85
28,J08,Pre,50,14,20,16
28,J08,Post,28,15,4,9
28,J09,Pre,179,65,63,51
28,J09,Post,311,123,112,76
28,J10,Pre,42,13,16,13
28,J10,Post,159,71,35,53
28,J11,Pre,100,38,32,30
28,J11,Post,257,119,74,64
28,J12,Pre,51,21,12,18
28,J12,Post,435,207,113,115
28,J13,Pre,177,63,44,70
28,J13,Post,1,0,0,1
28,J14,Pre,16,5,4,7
28,J14,Post,10,4,3,3
28,J15,Pre,57,20,19,18
28,J15,Post,121,52,37,32
28,J16,Pre,102,33,29,40
28,J16,Post,113,53,24,36
28,J17,Pre,126,47,42,37
28,J17,Post,30,12,8,10
28,J18,Pre,232,78,75,79
28,J18,Post,665,351,177,137
28,J19,Pre,139,47,53,39
28,J19,Post,12,6,2,4
28,J20,Pre,87,32,20,35
28,J20,Post,302,144,68,90
28,J21,Pre,129,39,45,45
28,J21,Post,489,218,149,122
28,J22,Pre,223,80,66,77
28,J22,Post,538,285,106,147
28,J23,Pre,148,54,55,39
28,J23,Post,0,0,0,0
28,J24,Pre,40,13,10,17
28,J24,Post,134,64,28,42
28,J25,Pre,144,66,29,49
28,J25,Post,380,163,108,109
29,J01,Pre,59,21,21,17
29,J01,Post,191,60,58,73
29,J02,Pre,161,66,55,40
29,J02,Post,405,121,120,164
29,J03,Pre,87,35,23,29
29,J03,Post,57,27,16,14
29,J04,Pre,130,56,40,34
29,J04,Post,203,99,57,47
29,J05,Pre,129,46,45,38
29,J05,Post,50,23,11,16
29,J06,Pre,68,25,21,22
29,J06,Post,0,0,0,0
29,J07,Pre,168,54,62,52
29,J07,Post,282,82,76,124
29,J08,Pre,81,25,24,32
29,J08,Post,155,40,67,48
29,J09,Pre,143,37,41,65
29,J09,Post,299,110,79,110
29,J10,Pre,80,33,21,26
29,J10,Post,24,10,7,7
29,J11,Pre,75,30,22,23
29,J11,Post,334,122,94,118
29,J12,Pre,166,53,64,49
29,J12,Post,297,44,93,160
29,J13,Pre,67,20,18,29
29,J13,Post,612,227,188,197
29,J14,Pre,16,5,4,7
29,J14,Post,84,14,27,43
29,J15,Pre,55,18,21,16
29,J15,Post,6,2,1,3
29,J16,Pre,66,27,17,22
29,J16,Post,186,56,76,54
29,J17,Pre,102,29,41,32
29,J17,Post,286,62,105,119
29,J18,Pre,261,99,91,71
29,J18,Post,400,84,172,144
29,J19,Pre,108,36,38,34
29,J19,Post,237,57,76,104
29,J20,Pre,191,54,58,79
29,J20,Post,96,46,22,28
29,J21,Pre,244,80,96,68
29,J21,Post,542,128,203,211
29,J22,Pre,129,49,38,42
29,J22,Post,352,89,104,159
29,J23,Pre,117,36,35,46
29,J23,Post,33,17,5,11
29,J24,Pre,184,60,57,67
29,J24,Post,496,136,154,206
29,J25,Pre,163,50,63,50
29,J25,Post,50,27,12,11
30,J01,Pre,57,17,17,23
30,J01,Post,155,29,71,55
30,J02,Pre,126,51,39,36
30,J02,Post,483,169,159,155
30,J03,Pre,161,46,60,55
30,J03,Post,252,65,73,114
30,J04,Pre,228,101,47,80
30,J04,Post,574,160,167,247
30,J05,Pre,65,30,16,19
30,J05,Post,291,52,124,115
30,J06,Pre,71,28,22,21
30,J06,Post,198,55,63,80
30,J07,Pre,192,74,53,65
30,J07,Post,389,112,150,127
30,J08,Pre,85,32,24,29
30,J08,Post,44,22,10,12
30,J09,Pre,109,37,39,33
30,J09,Post,433,110,160,163
30,J10,Pre,98,44,23,31
30,J10,Post,169,46,64,59
30,J11,Pre,155,70,34,51
30,J11,Post,0,0,0,0
30,J12,Pre,103,35,24,44
30,J12,Post,322,82,112,128
30,J13,Pre,33,16,6,11
30,J13,Post,498,187,123,188
30,J14,Pre,36,11,14,11
30,J14,Post,58,12,19,27
30,J15,Pre,62,23,22,17
30,J15,Post,14,7,3,4
30,J16,Pre,61,24,12,25
30,J16,Post,71,41,16,14
30,J17,Pre,125,60,35,30
30,J17,Post,42,21,9,12
30,J18,Pre,277,106,65,106
30,J18,Post,66,35,18,13
30,J19,Pre,82,35,18,29
30,J19,Post,314,84,90,140
30,J20,Pre,132,54,44,34
30,J20,Post,54,23,17,14
30,J21,Pre,231,83,65,83
30,J21,Post,391,88,151,152
30,J22,Pre,70,24,22,24
30,J22,Post,73,39,12,22
30,J23,Pre,145,63,30,52
30,J23,Post,1036,495,231,310
30,J24,Pre,146,65,45,36
30,J24,Post,561,156,171,234
30,J25,Pre,103,51,29,23
30,J25,Post,18,8,5,5
31,J01,Pre,54,20,18,16
31,J01,Post,122,63,24,35
31,J02,Pre,112,40,27,45
31,J02,Post,25,12,5,8
31,J03,Pre,103,32,33,38
31,J03,Post,510,368,80,62
31,J04,Pre,136,34,58,44
31,J04,Post,174,81,34,59
31,J05,Pre,89,29,35,25
31,J05,Post,56,25,16,15
31,J06,Pre,84,23,22,39
31,J06,Post,289,146,74,69
31,J07,Pre,75,29,22,24
31,J07,Post,684,423,113,148
31,J08,Pre,113,41,29,43
31,J08,Post,211,127,38,46
31,J09,Pre,88,31,21,36
31,J09,Post,501,289,111,101
31,J10,Pre,43,13,15,15
31,J10,Post,221,132,40,49
31,J11,Pre,124,26,35,63
31,J11,Post,116,59,25,32
31,J12,Pre,73,19,29,25
31,J12,Post,42,22,9,11
31,J13,Pre,182,48,52,82
31,J13,Post,84,39,25,20
31,J14,Pre,28,8,11,9
31,J14,Post,121,77,22,22
31,J15,Pre,36,10,12,14
31,J15,Post,10,4,2,4
31,J16,Pre,44,14,13,17
31,J16,Post,245,154,53,38
31,J17,Pre,111,30,44,37
31,J17,Post,296,199,39,58
31,J18,Pre,215,99,59,57
31,J18,Post,86,42,24,20
31,J19,Pre,64,19,19,26
31,J19,Post,422,246,64,112
31,J20,Pre,159,48,63,48
31,J20,Post,82,40,23,19
31,J21,Pre,175,54,48,73
31,J21,Post,697,467,100,130
31,J22,Pre,87,29,27,31
31,J22,Post,607,384,118,105
31,J23,Pre,138,52,45,41
31,J23,Post,493,280,77,136
31,J24,Pre,127,40,40,47
31,J24,Post,582,367,79,136
31,J25,Pre,150,34,51,65
31,J25,Post,494,377,67,50
32,J01,Pre,43,16,14,13
32,J01,Post,0,0,0,0
32,J02,Pre,162,54,60,48
32,J02,Post,362,124,111,127
32,J03,Pre,139,46,36,57
32,J03,Post,274,51,91,132
32,J04,Pre,167,66,58,43
32,J04,Post,378,105,161,112
32,J05,Pre,194,75,69,50
32,J05,Post,102,40,31,31
32,J06,Pre,96,33,35,28
32,J06,Post,89,34,20,35
32,J07,Pre,111,32,32,47
32,J07,Post,101,50,29,22
32,J08,Pre,84,24,23,37
32,J08,Post,11,5,2,4
32,J09,Pre,108,37,38,33
32,J09,Post,483,213,156,114
32,J10,Pre,56,18,16,22
32,J10,Post,164,30,53,81
32,J11,Pre,167,66,42,59
32,J11,Post,369,78,171,120
32,J12,Pre,80,25,24,31
32,J12,Post,394,142,99,153
32,J13,Pre,83,34,18,31
32,J13,Post,28,14,7,7
32,J14,Pre,48,15,13,20
32,J14,Post,111,30,29,52
32,J15,Pre,46,18,14,14
32,J15,Post,25,9,7,9
32,J16,Pre,79,28,24,27
32,J16,Post,189,21,83,85
32,J17,Pre,73,27,23,23
32,J17,Post,186,30,76,80
32,J18,Pre,241,83,78,80
32,J18,Post,325,44,122,159
32,J19,Pre,57,17,17,23
32,J19,Post,337,100,90,147
32,J20,Pre,176,61,48,67
32,J20,Post,70,31,16,23
32,J21,Pre,257,102,86,69
32,J21,Post,139,65,34,40
32,J22,Pre,219,83,49,87
32,J22,Post,480,132,137,211
32,J23,Pre,109,45,33,31
32,J23,Post,440,122,123,195
32,J24,Pre,182,67,63,52
32,J24,Post,489,136,169,184
32,J25,Pre,148,62,41,45
32,J25,Post,180,24,90,66
33,J01,Pre,61,22,19,20
33,J01,Post,56,28,14,14
33,J02,Pre,104,48,31,25
33,J02,Post,96,46,20,30
33,J03,Pre,117,50,35,32
33,J03,Post,562,396,74,92
33,J04,Pre,160,74,42,44
33,J04,Post,574,357,101,116
33,J05,Pre,208,97,42,69
33,J05,Post,535,316,99,120
33,J06,Pre,100,32,36,32
33,J06,Post,346,247,54,45
33,J07,Pre,137,50,46,41
33,J07,Post,120,48,29,43
33,J08,Pre,48,13,16,19
33,J08,Post,0,0,0,0
33,J09,Pre,142,61,38,43
33,J09,Post,460,248,125,87
33,J10,Pre,105,43,29,33
33,J10,Post,279,179,36,64
33,J11,Pre,163,53,56,54
33,J11,Post,35,18,9,8
33,J12,Pre,156,62,35,59
33,J12,Post,454,227,134,93
33,J13,Pre,180,65,62,53
33,J13,Post,29,15,7,7
33,J14,Pre,47,18,12,17
33,J14,Post,235,196,20,19
33,J15,Pre,61,22,14,25
33,J15,Post,170,116,19,35
33,J16,Pre,78,31,19,28
33,J16,Post,450,391,26,33
33,J17,Pre,118,40,45,33
33,J17,Post,28,15,5,8
33,J18,Pre,140,47,42,51
33,J18,Post,1305,1185,46,74
33,J19,Pre,134,57,30,47
33,J19,Post,384,251,48,85
33,J20,Pre,220,80,70,70
33,J20,Post,468,271,81,116
33,J21,Pre,248,92,85,71
33,J21,Post,756,540,99,117
33,J22,Pre,71,31,23,17
33,J22,Post,102,59,14,29
33,J23,Pre,235,110,57,68
33,J23,Post,55,26,11,18
33,J24,Pre,255,106,69,80
33,J24,Post,591,349,126,116
33,J25,Pre,135,62,31,42
33,J25,Post,498,350,85,63
34,J01,Pre,80,37,15,28
34,J01,Post,109,22,32,55
34,J02,Pre,165,65,41,59
34,J02,Post,11,5,2,4
34,J03,Pre,79,31,28,20
34,J03,Post,240,86,56,98
34,J04,Pre,159,72,39,48
34,J04,Post,367,79,103,185
34,J05,Pre,87,43,17,27
34,J05,Post,477,175,174,128
34,J06,Pre,77,31,23,23
34,J06,Post,170,46,51,73
34,J07,Pre,125,44,34,47
34,J07,Post,322,114,123,85
34,J08,Pre,36,16,7,13
34,J08,Post,152,49,56,47
34,J09,Pre,164,69,49,46
34,J09,Post,390,130,153,107
34,J10,Pre,107,46,35,26
34,J10,Post,15,7,3,5
34,J11,Pre,67,23,21,23
34,J11,Post,302,83,113,106
34,J12,Pre,198,95,42,61
34,J12,Post,5,2,0,3
34,J13,Pre,207,80,67,60
34,J13,Post,70,34,14,22
34,J14,Pre,42,19,11,12
34,J14,Post,83,17,25,41
34,J15,Pre,55,20,20,15
34,J15,Post,79,20,23,36
34,J16,Pre,67,26,17,24
34,J16,Post,49,25,10,14
34,J17,Pre,192,77,53,62
34,J17,Post,260,67,75,118
34,J18,Pre,134,63,34,37
34,J18,Post,100,49,29,22
34,J19,Pre,131,55,36,40
34,J19,Post,57,24,11,22
34,J20,Pre,241,72,86,83
34,J20,Post,93,49,20,24
34,J21,Pre,262,98,82,82
34,J21,Post,49,23,14,12
34,J22,Pre,252,127,65,60
34,J22,Post,608,151,165,292
34,J23,Pre,204,74,70,60
34,J23,Post,522,119,229,174
34,J24,Pre,272,105,91,76
34,J24,Post,928,435,269,224
34,J25,Pre,123,43,47,33
34,J25,Post,846,444,204,198
35,J01,Pre,32,15,9,8
35,J01,Post,198,89,43,66
35,J02,Pre,210,86,53,71
35,J02,Post,83,37,18,28
35,J03,Pre,116,43,40,33
35,J03,Post,361,181,67,113
35,J04,Pre,168,59,57,52
35,J04,Post,335,180,66,89
35,J05,Pre,105,49,32,24
35,J05,Post,31,15,6,10
35,J06,Pre,71,24,26,21
35,J06,Post,286,124,82,80
35,J07,Pre,121,53,37,31
35,J07,Post,93,46,25,22
35,J08,Pre,93,39,21,33
35,J08,Post,152,64,44,44
35,J09,Pre,212,95,52,65
35,J09,Post,431,212,104,115
35,J10,Pre,114,43,33,38
35,J10,Post,220,122,53,45
35,J11,Pre,183,63,55,65
35,J11,Post,238,97,75,66
35,J12,Pre,129,60,41,28
35,J12,Post,294,153,62,79
35,J13,Pre,136,68,29,39
35,J13,Post,345,191,58,96
35,J14,Pre,31,14,7,10
35,J14,Post,8,3,1,4
35,J15,Pre,48,19,13,16
35,J15,Post,43,23,9,11
35,J16,Pre,73,30,21,22
35,J16,Post,158,69,41,48
35,J17,Pre,147,59,35,53
35,J17,Post,488,303,83,102
35,J18,Pre,270,104,95,71
35,J18,Post,126,50,38,38
35,J19,Pre,133,57,39,37
35,J19,Post,242,125,50,67
35,J20,Pre,235,108,75,52
35,J20,Post,61,28,17,16
35,J21,Pre,287,155,61,71
35,J21,Post,82,36,19,27
35,J22,Pre,283,105,106,72
35,J22,Post,65,33,15,17
35,J23,Pre,205,93,49,63
35,J23,Post,516,251,143,122
35,J24,Pre,166,67,58,41
35,J24,Post,564,226,199,139
35,J25,Pre,234,111,54,69
35,J25,Post,833,558,149,126
36,J01,Pre,63,17,20,26
36,J01,Post,142,67,29,46
36,J02,Pre,65,20,25,20
36,J02,Post,0,0,0,0
36,J03,Pre,134,52,47,35
36,J03,Post,254,135,69,50
36,J04,Pre,186,71,65,50
36,J04,Post,1007,627,136,244
36,J05,Pre,130,48,38,44
36,J05,Post,507,252,135,120
36,J06,Pre,51,16,20,15
36,J06,Post,182,80,59,43
36,J07,Pre,121,46,36,39
36,J07,Post,341,181,67,93
36,J08,Pre,34,14,11,9
36,J08,Post,53,26,13,14
36,J09,Pre,51,20,14,17
36,J09,Post,21,10,6,5
36,J10,Pre,80,28,24,28
36,J10,Post,69,37,12,20
36,J11,Pre,127,48,29,50
36,J11,Post,233,95,73,65
36,J12,Pre,100,42,26,32
36,J12,Post,336,153,64,119
36,J13,Pre,130,35,33,62
36,J13,Post,283,134,65,84
36,J14,Pre,53,20,14,19
36,J14,Post,21,9,5,7
36,J15,Pre,38,12,11,15
36,J15,Post,6,2,1,3
36,J16,Pre,90,31,30,29
36,J16,Post,48,23,9,16
36,J17,Pre,128,57,28,43
36,J17,Post,185,57,49,79
36,J18,Pre,262,123,78,61
36,J18,Post,667,341,141,185
36,J19,Pre,167,51,66,50
36,J19,Post,44,20,11,13
36,J20,Pre,169,51,55,63
36,J20,Post,455,180,155,120
36,J21,Pre,123,52,26,45
36,J21,Post,466,203,132,131
36,J22,Pre,276,105,92,79
36,J22,Post,574,242,160,172
36,J23,Pre,247,71,84,92
36,J23,Post,350,177,99,74
36,J24,Pre,151,65,43,43
36,J24,Post,147,77,30,40
36,J25,Pre,128,46,37,45
36,J25,Post,477,280,87,110
37,J01,Pre,95,38,29,28
37,J01,Post,120,47,40,33
37,J02,Pre,249,126,67,56
37,J02,Post,79,41,15,23
37,J03,Pre,216,100,64,52
37,J03,Post,29,12,9,8
37,J04,Pre,268,123,58,87
37,J04,Post,422,180,103,139
37,J05,Pre,300,142,74,84
37,J05,Post,362,189,82,91
37,J06,Pre,102,49,19,34
37,J06,Post,71,34,20,17
37,J07,Pre,142,71,33,38
37,J07,Post,45,23,11,11
37,J08,Pre,100,51,29,20
37,J08,Post,5,2,1,2
37,J09,Pre,245,108,60,77
37,J09,Post,425,257,70,98
37,J10,Pre,119,66,22,31
37,J10,Post,211,106,45,60
37,J11,Pre,112,58,28,26
37,J11,Post,0,0,0,0
37,J12,Pre,230,114,47,69
37,J12,Post,358,172,86,100
37,J13,Pre,237,105,70,62
37,J13,Post,435,188,117,130
37,J14,Pre,45,22,8,15
37,J14,Post,95,43,28,24
37,J15,Pre,71,32,16,23
37,J15,Post,134,72,22,40
37,J16,Pre,111,60,24,27
37,J16,Post,187,83,43,61
37,J17,Pre,136,63,34,39
37,J17,Post,292,118,64,110
37,J18,Pre,305,170,50,85
37,J18,Post,97,41,30,26
37,J19,Pre,155,72,37,46
37,J19,Post,364,230,62,72
37,J20,Pre,133,53,33,47
37,J20,Post,403,209,99,95
37,J21,Pre,257,127,53,77
37,J21,Post,27,10,8,9
37,J22,Pre,233,122,65,46
37,J22,Post,80,39,21,20
37,J23,Pre,372,184,76,112
37,J23,Post,514,256,145,113
37,J24,Pre,243,108,79,56
37,J24,Post,447,180,150,117
37,J25,Pre,167,82,34,51
37,J25,Post,417,182,90,145
38,J01,Pre,67,33,13,21
38,J01,Post,24,8,7,9
38,J02,Pre,149,80,32,37
38,J02,Post,480,262,126,92
38,J03,Pre,257,122,72,63
38,J03,Post,241,110,63,68
38,J04,Pre,330,180,60,90
38,J04,Post,545,232,168,145
38,J05,Pre,128,70,24,34
38,J05,Post,395,195,100,100
38,J06,Pre,124,72,26,26
38,J06,Post,260,138,57,65
38,J07,Pre,119,64,19,36
38,J07,Post,417,218,89,110
38,J08,Pre,114,47,23,44
38,J08,Post,17,9,3,5
38,J09,Pre,179,90,38,51
38,J09,Post,404,220,80,104
38,J10,Pre,112,54,28,30
38,J10,Post,18,9,4,5
38,J11,Pre,145,78,31,36
38,J11,Post,430,233,77,120
38,J12,Pre,232,97,69,66
38,J12,Post,389,221,69,99
38,J13,Pre,148,87,34,27
38,J13,Post,375,199,79,97
38,J14,Pre,64,32,17,15
38,J14,Post,110,42,31,37
38,J15,Pre,39,20,7,12
38,J15,Post,10,4,2,4
38,J16,Pre,135,59,32,44
38,J16,Post,23,11,5,7
38,J17,Pre,135,73,34,28
38,J17,Post,3,1,0,2
38,J18,Pre,290,146,80,64
38,J18,Post,61,30,12,19
38,J19,Pre,182,105,38,39
38,J19,Post,41,17,13,11
38,J20,Pre,279,146,74,59
38,J20,Post,604,236,152,216
38,J21,Pre,287,154,56,77
38,J21,Post,677,381,108,188
38,J22,Pre,250,144,54,52
38,J22,Post,574,273,164,137
38,J23,Pre,348,187,92,69
38,J23,Post,678,393,135,150
38,J24,Pre,277,166,65,46
38,J24,Post,114,52,36,26
38,J25,Pre,235,114,55,66
38,J25,Post,439,218,95,126
39,J01,Pre,103,57,26,20
39,J01,Post,205,124,46,35
39,J02,Pre,276,130,66,80
39,J02,Post,432,291,54,87
39,J03,Pre,106,58,27,21
39,J03,Post,76,33,21,22
39,J04,Pre,304,150,65,89
39,J04,Post,520,276,125,119
39,J05,Pre,185,96,32,57
39,J05,Post,46,18,12,16
39,J06,Pre,120,55,35,30
39,J06,Post,286,189,43,54
39,J07,Pre,193,88,54,51
39,J07,Post,521,373,62,86
39,J08,Pre,104,56,18,30
39,J08,Post,254,161,43,50
39,J09,Pre,248,116,76,56
39,J09,Post,461,262,102,97
39,J10,Pre,117,60,28,29
39,J10,Post,224,134,49,41
39,J11,Pre,111,61,23,27
39,J11,Post,125,60,37,28
39,J12,Pre,154,77,41,36
39,J12,Post,75,30,23,22
39,J13,Pre,200,109,40,51
39,J13,Post,13,5,4,4
39,J14,Pre,66,32,17,17
39,J14,Post,110,64,24,22
39,J15,Pre,81,37,17,27
39,J15,Post,194,133,23,38
39,J16,Pre,77,50,13,14
39,J16,Post,43,20,11,12
39,J17,Pre,253,147,39,67
39,J17,Post,56,29,12,15
39,J18,Pre,251,134,59,58
39,J18,Post,984,727,152,105
39,J19,Pre,190,112,30,48
39,J19,Post,438,284,91,63
39,J20,Pre,248,132,47,69
39,J20,Post,30,14,6,10
39,J21,Pre,202,123,27,52
39,J21,Post,790,539,108,143
39,J22,Pre,300,144,78,78
39,J22,Post,1327,1159,86,82
39,J23,Pre,305,147,75,83
39,J23,Post,606,333,159,114
39,J24,Pre,310,138,97,75
39,J24,Post,847,523,168,156
39,J25,Pre,138,62,33,43
39,J25,Post,115,68,23,24
40,J01,Pre,100,49,18,33
40,J01,Post,18,10,2,6
40,J02,Pre,201,87,57,57
40,J02,Post,93,53,14,26
40,J03,Pre,214,96,56,62
40,J03,Post,396,133,149,114
40,J04,Pre,152,82,36,34
40,J04,Post,737,254,271,212
40,J05,Pre,211,115,56,40
40,J05,Post,78,35,20,23
40,J06,Pre,134,53,39,42
40,J06,Post,236,95,63,78
40,J07,Pre,197,110,48,39
40,J07,Post,0,0,0,0
40,J08,Pre,105,51,31,23
40,J08,Post,131,28,60,43
40,J09,Pre,135,74,28,33
40,J09,Post,420,156,137,127
40,J10,Pre,97,48,26,23
40,J10,Post,135,39,34,62
40,J11,Pre,233,106,46,81
40,J11,Post,219,55,58,106
40,J12,Pre,89,45,18,26
40,J12,Post,415,142,103,170
40,J13,Pre,152,60,38,54
40,J13,Post,32,17,5,10
40,J14,Pre,50,24,9,17
40,J14,Post,63,12,27,24
40,J15,Pre,79,37,21,21
40,J15,Post,7,2,1,4
40,J16,Pre,54,23,17,14
40,J16,Post,187,53,70,64
40,J17,Pre,101,63,16,22
40,J17,Post,277,59,106,112
40,J18,Pre,251,125,53,73
40,J18,Post,673,251,210,212
40,J19,Pre,159,88,41,30
40,J19,Post,437,189,113,135
40,J20,Pre,321,150,62,109
40,J20,Post,383,84,178,121
40,J21,Pre,312,155,91,66
40,J21,Post,465,132,178,155
40,J22,Pre,271,135,76,60
40,J22,Post,275,67,76,132
40,J23,Pre,240,117,52,71
40,J23,Post,263,113,80,70
40,J24,Pre,325,159,68,98
40,J24,Post,50,23,9,18
40,J25,Pre,270,114,66,90
40,J25,Post,146,79,35,32
41,J01,Pre,55,31,12,12
41,J01,Post,29,14,8,7
41,J02,Pre,142,71,35,36
41,J02,Post,361,179,96,86
41,J03,Pre,150,70,31,49
41,J03,Post,289,126,59,104
41,J04,Pre,228,103,61,64
41,J04,Post,523,339,93,91
41,J05,Pre,166,81,48,37
41,J05,Post,83,40,23,20
41,J06,Pre,160,83,34,43
41,J06,Post,284,162,53,69
41,J07,Pre,146,66,43,37
41,J07,Post,420,265,78,77
41,J08,Pre,78,45,16,17
41,J08,Post,166,77,48,41
41,J09,Pre,256,142,55,59
41,J09,Post,308,148,61,99
41,J10,Pre,101,43,31,27
41,J10,Post,2,0,0,2
41,J11,Pre,164,75,40,49
41,J11,Post,42,20,10,12
41,J12,Pre,175,74,38,63
41,J12,Post,424,236,101,87
41,J13,Pre,147,63,46,38
41,J13,Post,12,5,2,5
41,J14,Pre,45,19,13,13
41,J14,Post,101,54,22,25
41,J15,Pre,54,25,16,13
41,J15,Post,130,63,35,32
41,J16,Pre,69,34,14,21
41,J16,Post,40,21,7,12
41,J17,Pre,111,52,32,27
41,J17,Post,240,116,71,53
41,J18,Pre,244,124,54,66
41,J18,Post,685,387,148,150
41,J19,Pre,121,67,20,34
41,J19,Post,66,29,15,22
41,J20,Pre,204,70,76,58
41,J20,Post,356,141,82,133
41,J21,Pre,240,104,51,85
41,J21,Post,10,4,2,4
41,J22,Pre,380,178,77,125
41,J22,Post,605,275,116,214
41,J23,Pre,205,110,56,39
41,J23,Post,413,183,113,117
41,J24,Pre,251,133,67,51
41,J24,Post,103,49,26,28
41,J25,Pre,184,91,37,56
41,J25,Post,649,426,105,118
42,J01,Pre,95,54,20,21
42,J01,Post,193,96,49,48
42,J02,Pre,229,134,36,59
42,J02,Post,36,19,8,9
42,J03,Pre,168,88,34,46
42,J03,Post,357,156,112,89
42,J04,Pre,363,217,51,95
42,J04,Post,570,399,102,69
42,J05,Pre,260,141,59,60
42,J05,Post,148,66,32,50
42,J06,Pre,125,67,28,30
42,J06,Post,0,0,0,0
42,J07,Pre,190,105,42,43
42,J07,Post,393,140,142,111
42,J08,Pre,78,38,14,26
42,J08,Post,2,0,0,2
42,J09,Pre,278,142,63,73
42,J09,Post,483,196,121,166
42,J10,Pre,81,42,16,23
42,J10,Post,186,93,40,53
42,J11,Pre,261,123,73,65
42,J11,Post,333,156,101,76
42,J12,Pre,295,181,44,70
42,J12,Post,348,186,65,97
42,J13,Pre,233,122,59,52
42,J13,Post,127,62,31,34
42,J14,Pre,69,46,13,10
42,J14,Post,100,51,16,33
42,J15,Pre,52,27,12,13
42,J15,Post,143,72,26,45
42,J16,Pre,108,64,25,19
42,J16,Post,202,79,64,59
42,J17,Pre,143,87,23,33
42,J17,Post,322,132,67,123
42,J18,Pre,363,217,69,77
42,J18,Post,93,35,24,34
42,J19,Pre,195,94,39,62
42,J19,Post,113,56,30,27
42,J20,Pre,330,184,71,75
42,J20,Post,129,57,31,41
42,J21,Pre,293,155,60,78
42,J21,Post,119,52,29,38
42,J22,Pre,392,180,79,133
42,J22,Post,630,369,138,123
42,J23,Pre,374,211,84,79
42,J23,Post,605,304,109,192
42,J24,Pre,257,147,49,61
42,J24,Post,1189,862,129,198
42,J25,Pre,227,101,47,79
42,J25,Post,452,224,132,96
