aficionado_id,segmento,cluster,tramo_edad,sexo,tipo_abono,antiguedad_anios,provincia,sesiones_totales,duracion_media_min,tasa_apertura_notif,compras_totales,gasto_total_eur,plataformas_seguidas,interacciones_rrss,F_valor,F_ewom,F_info
AF-664C935608,Aficionado latente,0,25-34,Mujer,Abonado,10.0,Barcelona,62,3.9322727272727276,0.18410041841004185,0,52.91,2,25,5.0,2.5,3.5
AF-051D3F8133,Hincha digital intensivo,3,25-34,Mujer,Socio digital,3.0,Barcelona,315,8.281590909090909,0.5119617224880383,3,76.15,3,84,5.75,5.5,6.5
AF-7FACB7D105,Seguidor social,2,25-34,Mujer,Abonado,19.0,A Coruña,187,6.056590909090909,0.4247787610619469,4,18.59,3,49,4.0,4.25,2.0
AF-B7DE50E70B,Comprador de servicios,1,45-54,Hombre,Socio digital,25.0,Pontevedra,312,9.224772727272727,0.5175438596491229,8,39.46,1,21,4.5,3.25,5.0
AF-E8DC663CE9,Comprador de servicios,1,55+,Mujer,Abonado,5.0,A Coruña,232,6.961590909090909,0.5529953917050692,5,36.92,1,7,5.75,3.5,6.0
AF-015C0ED11F,Aficionado latente,0,25-34,Hombre,Socio digital,7.0,Pontevedra,10,0.8347727272727272,0.07179487179487179,0,0.0,0,0,3.0,4.75,2.5
AF-57CD8166FE,Seguidor social,2,55+,Hombre,Abonado,8.0,Otras,141,5.749090909090909,0.30701754385964913,2,0.0,2,15,5.25,4.25,4.5
AF-0D781ADF95,Seguidor social,2,35-44,Hombre,No socio,2.0,Otras,153,6.053181818181818,0.3835616438356164,1,0.0,2,91,4.5,3.25,3.5
AF-6044142FC9,Hincha digital intensivo,3,45-54,Hombre,Socio digital,3.0,Pontevedra,186,7.980227272727273,0.4372093023255814,7,34.3,4,129,5.75,3.25,4.5
AF-887AD8C467,Seguidor social,2,35-44,Hombre,Socio digital,12.0,Lugo,131,4.414090909090909,0.33004926108374383,3,0.0,1,50,3.5,4.75,3.5
AF-9EA547B4B8,Comprador de servicios,1,45-54,Hombre,Socio digital,3.0,Barcelona,330,9.398181818181818,0.5887850467289719,11,0.0,3,41,4.0,4.75,4.5
AF-6ABC201CF7,Comprador de servicios,1,45-54,Hombre,No socio,3.0,Madrid,304,10.127727272727272,0.5530973451327433,9,162.13,2,22,4.75,3.25,5.5
AF-D9326E0A8A,Comprador de servicios,1,25-34,Mujer,No socio,7.0,Pontevedra,279,7.632045454545454,0.5502183406113537,5,153.37,1,42,4.75,5.0,4.0
AF-BBCABD4F64,Seguidor social,2,35-44,Hombre,Abonado,7.0,Madrid,87,4.533181818181818,0.271889400921659,3,0.0,4,28,4.25,2.75,3.0
AF-97CD301DFB,Aficionado latente,0,35-44,Mujer,Abonado,15.0,A Coruña,7,0.6488636363636364,0.026881720430107527,0,0.0,1,34,4.75,4.0,3.5
AF-8D4685AD67,Comprador de servicios,1,35-44,Mujer,No socio,7.0,Lugo,311,8.16090909090909,0.5188679245283019,8,11.43,1,46,5.0,4.25,3.5
AF-2B3AB5061B,Aficionado latente,0,25-34,Mujer,No socio,1.0,Pontevedra,21,1.9502272727272727,0.08771929824561403,0,0.0,3,23,3.75,2.0,3.0
AF-6F90121F11,Aficionado latente,0,25-34,Hombre,No socio,6.0,Madrid,6,0.6961363636363637,0.0111731843575419,0,0.0,2,12,4.5,2.25,5.5
AF-C1D4C0AE84,Seguidor social,2,45-54,Hombre,No socio,15.0,Asturias,115,6.274772727272727,0.34545454545454546,3,25.24,1,41,4.75,6.0,3.0
AF-763D1AE32E,Seguidor social,2,45-54,Hombre,No socio,17.0,A Coruña,145,5.899318181818182,0.36818181818181817,7,71.78999999999999,2,145,4.25,3.75,4.0
AF-49C5626CAB,Seguidor social,2,55+,Hombre,Socio digital,3.0,A Coruña,142,4.232727272727273,0.3627906976744186,3,0.0,2,105,4.5,4.5,2.5
AF-1474CF8C01,Aficionado latente,0,35-44,Hombre,No socio,5.0,A Coruña,8,0.6247727272727274,0.04784688995215311,0,0.0,3,45,4.5,3.25,2.5
AF-3481B694D0,Seguidor social,2,35-44,Mujer,No socio,7.0,A Coruña,78,5.043181818181818,0.26406926406926406,2,0.0,2,72,3.75,6.0,4.5
AF-4C7273FFED,Aficionado latente,0,18-24,Hombre,Socio digital,4.0,Pontevedra,30,1.7847727272727274,0.11917098445595854,1,0.0,1,9,4.5,2.75,2.0
AF-A5B3697FB4,Seguidor social,2,55+,Hombre,Socio digital,5.0,Lugo,186,6.9156818181818185,0.3624454148471616,5,41.989999999999995,2,57,3.75,2.75,3.0
AF-A815B06120,Hincha digital intensivo,3,18-24,Hombre,Abonado,9.0,A Coruña,268,7.359999999999999,0.5065502183406113,9,21.39,4,284,5.5,3.75,4.5
AF-C1A4896EF2,Hincha digital intensivo,3,45-54,Hombre,Abonado,6.0,A Coruña,391,9.343863636363636,0.5668202764976958,7,170.72,3,126,5.75,5.25,4.0
AF-603AD841D5,Seguidor social,2,45-54,Hombre,Socio digital,12.0,Barcelona,195,6.651818181818182,0.405982905982906,3,0.0,1,42,4.5,3.75,3.0
AF-0854353552,Hincha digital intensivo,3,25-34,Hombre,Abonado,7.0,A Coruña,273,7.046590909090909,0.4424778761061947,9,185.86999999999998,4,230,4.75,5.0,5.0
AF-4168AD29C5,Seguidor social,2,25-34,Hombre,No socio,7.0,Otras,194,6.180454545454546,0.42272727272727273,5,0.0,2,144,5.0,3.75,2.5
AF-DD6658753A,Comprador de servicios,1,55+,Mujer,Socio digital,9.0,Lugo,466,10.582045454545455,0.7511520737327189,9,53.050000000000004,3,74,4.25,2.75,6.0
AF-FD7B174E7D,Comprador de servicios,1,45-54,Hombre,Abonado,8.0,Asturias,436,8.980909090909092,0.6971153846153846,8,29.68,2,35,5.5,5.0,4.0
AF-CB5C4B455C,Hincha digital intensivo,3,25-34,Hombre,Abonado,11.0,A Coruña,439,8.495909090909091,0.6355140186915887,9,65.21,2,115,6.25,5.75,6.5
AF-410E6E8E11,Seguidor social,2,45-54,Mujer,Socio digital,2.0,Otras,169,4.916590909090909,0.39436619718309857,3,3.92,1,41,3.75,5.25,2.5
AF-E252B9DEB0,Seguidor social,2,35-44,Hombre,Abonado,12.0,Otras,125,5.489772727272728,0.2714285714285714,1,0.0,3,54,5.25,4.0,4.0
AF-B5451C7FBC,Comprador de servicios,1,45-54,Mujer,Abonado,9.0,A Coruña,336,7.944090909090909,0.5662100456621004,12,77.09,1,17,6.5,4.5,6.5
AF-456DBCBD82,Aficionado latente,0,45-54,Hombre,Abonado,2.0,A Coruña,21,1.2647727272727272,0.09375,0,0.0,1,25,4.75,3.0,2.5
AF-394723D4CA,Comprador de servicios,1,35-44,Hombre,Abonado,6.0,A Coruña,450,8.901136363636363,0.7004830917874396,6,142.06,3,32,5.75,3.5,4.5
AF-10CB24817B,Seguidor social,2,45-54,Hombre,Abonado,1.0,Madrid,98,4.0434090909090905,0.2857142857142857,7,0.0,3,72,5.25,3.75,2.5
AF-8CC0E4BAC9,Seguidor social,2,45-54,Mujer,No socio,9.0,Pontevedra,105,4.0834090909090905,0.29577464788732394,2,17.57,4,93,4.0,3.75,3.0
AF-652002CCB4,Aficionado latente,0,18-24,Hombre,No socio,13.0,Otras,114,4.573636363636364,0.26337448559670784,1,0.0,1,14,5.0,2.5,3.5
AF-3A22B90256,Aficionado latente,0,35-44,Hombre,No socio,13.0,Asturias,18,1.3688636363636364,0.057692307692307696,1,0.0,1,35,4.0,4.25,3.0
AF-A7795441E2,Aficionado latente,0,25-34,Hombre,Abonado,4.0,Barcelona,152,6.181136363636364,0.2621359223300971,2,0.0,1,14,2.5,3.25,3.5
AF-411A35070F,Aficionado latente,0,25-34,Mujer,Abonado,2.0,Pontevedra,10,0.8277272727272728,0.06382978723404255,0,0.0,4,59,4.5,3.75,3.5
AF-BC7AF3562A,Aficionado latente,0,55+,Mujer,Abonado,3.0,A Coruña,65,3.2786363636363633,0.18396226415094338,1,0.0,1,53,4.5,3.5,3.0
AF-2773ADC12A,Comprador de servicios,1,45-54,Mujer,No socio,12.0,Otras,366,8.281590909090909,0.5647668393782384,11,32.15,1,27,5.25,4.5,4.5
AF-11372DB658,Aficionado latente,0,35-44,Hombre,No socio,7.0,A Coruña,25,1.7359090909090908,0.06735751295336788,0,0.0,1,31,4.5,3.25,2.5
AF-FF0A5628C3,Hincha digital intensivo,3,35-44,Hombre,Socio digital,8.0,Madrid,361,9.344318181818181,0.6026200873362445,9,21.86,2,211,5.5,6.25,4.5
AF-CCC266A90D,Comprador de servicios,1,55+,Hombre,Abonado,14.0,A Coruña,382,8.004999999999999,0.6527777777777778,8,79.78999999999999,1,7,5.25,5.25,4.5
AF-45E34ED468,Comprador de servicios,1,45-54,Mujer,Abonado,4.0,Madrid,441,9.473863636363635,0.6683417085427136,7,27.96,3,123,5.5,3.25,5.5
AF-EF380CD6EF,Seguidor social,2,35-44,Mujer,No socio,7.0,A Coruña,78,5.294545454545455,0.2985781990521327,2,0.0,3,52,4.5,3.5,3.0
AF-7A61605A98,Comprador de servicios,1,55+,Hombre,Socio digital,5.0,A Coruña,443,11.750681818181818,0.7289719626168224,7,144.2,3,66,5.5,2.5,4.0
AF-3769394122,Seguidor social,2,55+,Mujer,Socio digital,15.0,A Coruña,146,5.3725,0.34418604651162793,2,0.0,2,102,5.0,3.75,5.0
AF-EAB0CDA669,Aficionado latente,0,45-54,Mujer,No socio,21.0,Madrid,88,4.008181818181819,0.2772727272727273,2,0.0,3,84,3.75,2.5,3.0
AF-A07E59016D,Aficionado latente,0,35-44,Hombre,No socio,8.0,A Coruña,76,3.8745454545454545,0.2081447963800905,1,0.0,2,46,3.25,2.25,3.5
AF-DB248B5054,Comprador de servicios,1,35-44,Hombre,No socio,14.0,A Coruña,300,7.385,0.5396039603960396,7,109.50999999999999,1,35,4.0,3.0,4.5
AF-57A3CA65E8,Aficionado latente,0,18-24,Hombre,Socio digital,4.0,A Coruña,93,4.89,0.27,1,0.0,1,9,3.75,2.0,1.5
AF-DC91E7DC07,Seguidor social,2,35-44,Mujer,Socio digital,9.0,Pontevedra,84,4.630227272727272,0.23737373737373738,2,28.54,3,115,4.0,4.0,2.5
AF-EB0C8B61A0,Seguidor social,2,55+,Hombre,Socio digital,11.0,Madrid,103,5.8175,0.32727272727272727,1,9.16,3,20,3.75,3.25,3.5
AF-5CEC3B7B77,Seguidor social,2,45-54,Mujer,Socio digital,6.0,Asturias,136,5.044545454545455,0.3939393939393939,2,29.659999999999997,2,42,3.5,3.0,3.5
AF-31D143245D,Comprador de servicios,1,35-44,Hombre,Abonado,11.0,A Coruña,312,8.146590909090909,0.5592417061611374,7,18.92,2,67,5.5,3.5,3.5
AF-1D477AE65D,Aficionado latente,0,45-54,Hombre,Socio digital,14.0,A Coruña,60,3.4279545454545453,0.15458937198067632,2,0.0,2,25,4.5,3.0,2.0
AF-93907029AF,Comprador de servicios,1,55+,Hombre,Abonado,4.0,A Coruña,294,7.537954545454546,0.4930232558139535,6,35.55,2,26,4.75,3.0,6.0
AF-D65659ABAF,Aficionado latente,0,25-34,Hombre,Socio digital,10.0,A Coruña,81,4.022954545454545,0.2398190045248869,1,0.0,1,15,4.0,2.5,2.5
AF-CC61FCCE2F,Comprador de servicios,1,35-44,Hombre,Abonado,5.0,Lugo,347,8.958409090909091,0.5833333333333334,10,105.47,4,99,4.25,1.25,4.5
AF-1414D8F783,Hincha digital intensivo,3,18-24,Hombre,Socio digital,9.0,Madrid,319,8.324545454545454,0.4889867841409692,4,121.79,4,242,5.25,5.75,3.0
AF-D6DDD71315,Comprador de servicios,1,55+,Hombre,Abonado,7.0,Barcelona,389,8.987954545454546,0.6025641025641025,7,14.52,2,62,6.75,4.75,5.0
AF-FE827538B4,Aficionado latente,0,25-34,Hombre,Socio digital,9.0,Barcelona,66,2.9056818181818183,0.22488038277511962,0,0.0,2,43,4.5,1.5,4.0
AF-D58924D2B0,Aficionado latente,0,45-54,Mujer,No socio,6.0,A Coruña,5,0.33840909090909094,0.017341040462427744,0,0.0,1,7,4.25,1.5,2.5
AF-6C34A76A92,Aficionado latente,0,35-44,Hombre,Abonado,2.0,A Coruña,98,3.7736363636363635,0.25339366515837103,1,79.52,1,10,3.75,2.25,1.5
AF-EE99C4E2F9,Aficionado latente,0,25-34,Hombre,Socio digital,6.0,A Coruña,10,0.5518181818181819,0.015384615384615385,0,0.0,2,24,4.75,3.25,2.5
AF-0EDCAE5ACC,Hincha digital intensivo,3,45-54,Hombre,Socio digital,1.0,Otras,386,9.61840909090909,0.5990783410138248,6,246.71,3,73,5.25,5.5,5.5
AF-C40C492835,Seguidor social,2,35-44,Hombre,Abonado,2.0,Madrid,161,6.65840909090909,0.3697478991596639,1,9.09,3,105,6.0,5.25,3.5
AF-B26803DFB9,Aficionado latente,0,35-44,Mujer,Socio digital,6.0,Pontevedra,89,4.293181818181818,0.22510822510822512,2,0.0,1,5,4.25,4.75,3.5
AF-12B11DAE37,Hincha digital intensivo,3,18-24,Mujer,Abonado,2.0,Asturias,266,8.913409090909092,0.4787234042553192,8,13.3,2,234,5.5,5.25,4.5
AF-A333470BFF,Aficionado latente,0,55+,Hombre,Socio digital,6.0,A Coruña,83,4.876818181818182,0.22127659574468084,0,0.0,1,11,4.0,4.0,4.5
AF-17BAD2C4FA,Seguidor social,2,25-34,Hombre,No socio,7.0,Ourense,273,7.694999999999999,0.3612565445026178,2,80.83,3,167,4.75,5.25,2.5
AF-F3702708F3,Seguidor social,2,18-24,Mujer,Socio digital,4.0,A Coruña,149,4.9795454545454545,0.336322869955157,5,84.56,1,12,4.5,3.0,3.0
AF-34F4154B2A,Comprador de servicios,1,45-54,Mujer,Abonado,14.0,Pontevedra,342,7.874318181818182,0.5466101694915254,3,141.39,2,66,6.25,3.0,3.5
AF-4A517DC606,Seguidor social,2,35-44,Hombre,Socio digital,14.0,Pontevedra,23,2.049318181818182,0.13966480446927373,1,0.0,3,106,5.0,5.25,3.5
AF-2C5E0CD6CB,Comprador de servicios,1,25-34,Hombre,Socio digital,12.0,Pontevedra,348,10.820454545454545,0.5953488372093023,4,14.07,3,62,5.5,4.25,6.5
AF-6208D16BFB,Aficionado latente,0,25-34,Hombre,Socio digital,13.0,Otras,66,2.734090909090909,0.17708333333333334,1,0.0,2,29,4.75,3.75,3.5
AF-6D7CB56261,Aficionado latente,0,35-44,Hombre,No socio,12.0,Otras,50,2.8520454545454546,0.16393442622950818,1,0.0,3,51,4.25,3.0,4.5
AF-22BE0089F9,Hincha digital intensivo,3,18-24,Hombre,No socio,10.0,Ourense,287,9.952272727272726,0.5625,3,15.07,3,179,5.75,6.25,6.0
AF-600BB58746,Aficionado latente,0,25-34,Hombre,Socio digital,5.0,Madrid,9,0.47136363636363643,0.03260869565217391,0,0.0,1,9,3.5,2.5,4.5
AF-402AD584CD,Seguidor social,2,35-44,Hombre,No socio,5.0,A Coruña,130,4.641363636363637,0.3053097345132743,3,0.0,3,195,4.25,4.0,4.5
AF-C96BAE872D,Aficionado latente,0,35-44,Hombre,No socio,4.0,Pontevedra,39,2.688181818181818,0.12626262626262627,1,0.0,0,0,5.0,2.75,2.0
AF-8A05485085,Aficionado latente,0,25-34,Hombre,No socio,14.0,A Coruña,62,2.7695454545454545,0.20588235294117646,1,0.0,2,43,3.0,2.75,1.5
AF-143CB2A0E2,Comprador de servicios,1,55+,Hombre,Abonado,5.0,Pontevedra,336,8.6525,0.5714285714285714,6,62.379999999999995,1,9,6.0,3.0,6.0
AF-F460442BFB,Seguidor social,2,25-34,Hombre,No socio,8.0,Pontevedra,62,3.506590909090909,0.19004524886877827,0,0.0,2,87,4.5,4.25,4.0
AF-06953068FD,Hincha digital intensivo,3,45-54,Hombre,Socio digital,5.0,A Coruña,321,7.820681818181819,0.5688888888888889,11,11.17,4,203,6.5,5.5,4.0
AF-98C34A97B2,Comprador de servicios,1,45-54,Hombre,Abonado,3.0,A Coruña,361,10.359545454545454,0.5786802030456852,10,112.25,3,58,5.25,4.0,6.0
AF-896C5F3793,Comprador de servicios,1,55+,Mujer,Abonado,7.0,A Coruña,355,8.414090909090909,0.536697247706422,5,12.65,3,40,5.0,2.5,4.0
AF-F400E58470,Seguidor social,2,55+,Hombre,Socio digital,22.0,A Coruña,167,6.149545454545454,0.4056603773584906,2,3.01,3,96,5.75,3.5,2.5
AF-30342EA8A4,Aficionado latente,0,25-34,Hombre,Abonado,9.0,A Coruña,12,0.9777272727272727,0.03125,0,0.0,1,2,4.25,2.75,4.0
AF-BBD69AADDF,Hincha digital intensivo,3,18-24,Hombre,Socio digital,4.0,A Coruña,258,8.17909090909091,0.4954954954954955,4,56.93,5,237,5.5,5.5,4.5
AF-A50691A828,Seguidor social,2,25-34,Mujer,No socio,8.0,A Coruña,154,5.3554545454545455,0.3469387755102041,3,184.33,3,59,2.75,2.75,1.5
AF-D17BE07C0D,Hincha digital intensivo,3,35-44,Mujer,No socio,21.0,Pontevedra,272,7.100909090909091,0.48325358851674644,10,25.49,3,212,5.5,3.25,5.5
AF-CFCA38D54A,Aficionado latente,0,25-34,Mujer,No socio,8.0,Ourense,41,2.863409090909091,0.13592233009708737,2,0.0,1,30,4.25,4.0,2.0
AF-AA67DE87B4,Seguidor social,2,35-44,Hombre,Abonado,4.0,Otras,57,3.1802272727272727,0.2087378640776699,0,0.0,4,137,5.0,4.5,3.5
AF-D0668D260E,Seguidor social,2,35-44,Hombre,Abonado,2.0,A Coruña,100,4.965909090909091,0.2317596566523605,0,0.0,2,35,4.5,4.0,5.0
AF-05B986C441,Comprador de servicios,1,45-54,Mujer,Abonado,13.0,Madrid,298,7.982272727272728,0.5915492957746479,3,35.6,1,35,5.0,2.25,6.5
AF-0ED9E9E99B,Aficionado latente,0,45-54,Hombre,No socio,11.0,A Coruña,7,0.6384090909090909,0.056818181818181816,0,0.0,3,71,4.5,3.25,2.0
AF-BC3CC8F485,Aficionado latente,0,45-54,Hombre,Socio digital,2.0,A Coruña,69,3.6090909090909093,0.233502538071066,1,112.58,1,5,5.75,1.75,4.0
AF-67297445DE,Hincha digital intensivo,3,35-44,Hombre,No socio,23.0,Lugo,188,6.7727272727272725,0.3472803347280335,3,118.22,4,197,4.75,4.25,5.0
AF-109665EFBB,Seguidor social,2,55+,Hombre,Abonado,7.0,Pontevedra,168,6.981363636363636,0.33771929824561403,2,9.14,2,73,5.75,3.25,3.5
AF-0310578487,Aficionado latente,0,35-44,Mujer,Abonado,2.0,A Coruña,90,5.2102272727272725,0.2831858407079646,4,31.97,0,0,4.5,2.5,1.5
AF-A5E26504A3,Aficionado latente,0,45-54,Hombre,No socio,9.0,A Coruña,10,0.8025000000000001,0.07103825136612021,0,0.0,2,10,4.5,3.25,4.0
AF-851DB5B373,Seguidor social,2,55+,Hombre,Socio digital,5.0,A Coruña,125,5.263181818181819,0.25853658536585367,3,47.89,2,52,4.25,4.25,4.0
AF-EFCDCAADF4,Comprador de servicios,1,45-54,Hombre,Abonado,6.0,Lugo,284,7.112272727272727,0.5422885572139303,9,0.0,1,39,3.25,5.25,4.5
AF-0CA96F5218,Comprador de servicios,1,55+,Hombre,Abonado,6.0,A Coruña,349,8.982045454545455,0.5752212389380531,5,51.17,4,134,4.5,2.25,4.5
AF-627DE66A57,Aficionado latente,0,45-54,Hombre,Abonado,8.0,Barcelona,6,0.4865909090909091,0.037037037037037035,0,0.0,2,29,4.5,3.75,3.0
AF-ED0F0DFAB5,Seguidor social,2,18-24,Hombre,Abonado,15.0,A Coruña,144,5.491363636363636,0.3275862068965517,3,10.27,3,151,5.25,3.5,3.5
AF-AA97544E0C,Comprador de servicios,1,55+,Hombre,Abonado,3.0,Barcelona,408,10.674090909090909,0.6275510204081632,11,1.94,3,95,6.0,3.25,5.5
AF-FD64D12480,Aficionado latente,0,35-44,Mujer,No socio,2.0,Pontevedra,4,0.3829545454545455,0.022099447513812154,0,0.0,3,37,4.0,3.0,2.0
AF-79AF3DC633,Aficionado latente,0,45-54,Hombre,No socio,2.0,A Coruña,68,3.6186363636363637,0.21634615384615385,1,0.0,2,42,5.25,3.25,4.5
AF-DF9D95D570,Seguidor social,2,35-44,Hombre,Socio digital,7.0,A Coruña,119,4.83840909090909,0.26635514018691586,2,0.0,3,140,4.75,2.5,4.5
AF-6CB5A19644,Aficionado latente,0,35-44,Hombre,No socio,5.0,A Coruña,109,4.7888636363636365,0.22705314009661837,1,0.0,1,30,5.5,3.75,3.0
AF-1B195FCA16,Hincha digital intensivo,3,45-54,Mujer,Socio digital,5.0,Asturias,345,9.0425,0.6268656716417911,3,86.99000000000001,3,203,5.25,6.5,5.0
AF-A40362A298,Aficionado latente,0,25-34,Mujer,No socio,3.0,A Coruña,67,3.522272727272727,0.18877551020408162,0,51.63,1,19,4.0,3.5,3.0
AF-2373DEFEFF,Comprador de servicios,1,35-44,Hombre,Socio digital,2.0,A Coruña,361,6.800454545454545,0.625,7,57.96,2,51,6.25,3.75,5.5
AF-96B11E01C7,Seguidor social,2,55+,Hombre,No socio,7.0,A Coruña,108,4.361363636363636,0.2864583333333333,1,0.0,4,59,4.75,3.0,3.0
AF-999742BD15,Aficionado latente,0,55+,Hombre,Socio digital,6.0,A Coruña,10,0.9565909090909092,0.03932584269662921,0,0.0,1,6,4.5,2.75,4.0
AF-1CFB2E5001,Seguidor social,2,18-24,Mujer,Socio digital,11.0,A Coruña,257,7.869772727272727,0.4482758620689655,3,24.19,3,108,5.0,3.5,3.0
AF-CA75C1A6E9,Comprador de servicios,1,18-24,Mujer,Socio digital,9.0,A Coruña,308,7.176136363636363,0.5281385281385281,8,18.97,2,74,5.75,4.75,5.0
AF-8BA1F283B6,Comprador de servicios,1,35-44,Hombre,Abonado,5.0,Pontevedra,411,8.455454545454545,0.7248677248677249,7,157.98,3,52,4.75,3.0,5.0
AF-1E52CA2E4F,Aficionado latente,0,45-54,Mujer,No socio,9.0,Asturias,124,4.3975,0.2679425837320574,1,0.0,2,21,4.0,2.25,3.5
AF-EA6C039823,Seguidor social,2,55+,Mujer,No socio,12.0,A Coruña,107,4.078863636363637,0.2857142857142857,3,0.0,3,72,4.75,5.0,3.0
AF-6BD9730D51,Seguidor social,2,35-44,Mujer,Socio digital,2.0,A Coruña,37,2.3479545454545456,0.16585365853658537,1,0.0,2,62,5.25,6.0,3.5
AF-EBD5DE8DBC,Seguidor social,2,55+,Hombre,No socio,13.0,A Coruña,76,3.7486363636363635,0.2374429223744292,0,10.89,2,42,4.0,4.5,5.0
AF-57CBA26542,Aficionado latente,0,55+,Hombre,Abonado,12.0,Otras,110,4.704318181818182,0.32926829268292684,3,15.67,0,0,4.0,2.25,2.0
AF-15E29CC1AE,Comprador de servicios,1,25-34,Mujer,Abonado,7.0,Madrid,374,8.664772727272727,0.6212121212121212,7,85.9,2,27,4.5,4.0,4.5
AF-82598CD404,Seguidor social,2,35-44,Hombre,Abonado,16.0,Asturias,186,6.032272727272727,0.3607305936073059,2,53.93,4,156,5.0,3.5,4.0
AF-726A3BD3D6,Comprador de servicios,1,55+,Mujer,Socio digital,4.0,A Coruña,446,11.928409090909092,0.6285714285714286,11,0.0,1,68,3.5,3.25,6.5
AF-5D576E670F,Aficionado latente,0,45-54,Hombre,No socio,19.0,Pontevedra,42,2.8629545454545453,0.19158878504672897,0,0.0,1,13,5.25,2.5,3.0
AF-BE4F399505,Comprador de servicios,1,25-34,Mujer,Abonado,12.0,Pontevedra,326,8.835454545454546,0.5700483091787439,7,85.60000000000001,3,68,4.0,3.5,7.0
AF-E4411B9DA3,Seguidor social,2,55+,Hombre,No socio,3.0,A Coruña,90,4.115227272727273,0.24663677130044842,4,0.0,3,155,4.75,4.25,4.0
AF-EA85019ABD,Aficionado latente,0,25-34,Hombre,Socio digital,20.0,Pontevedra,58,3.401818181818182,0.18811881188118812,1,0.0,2,53,4.5,2.5,3.5
AF-A80934298E,Seguidor social,2,35-44,Mujer,No socio,6.0,Madrid,77,4.407954545454545,0.2,0,82.01,2,79,4.5,3.5,3.5
AF-B5DF7AE365,Seguidor social,2,55+,Hombre,No socio,2.0,Pontevedra,175,6.814318181818181,0.3939393939393939,7,0.0,2,50,4.25,3.5,2.5
AF-AB31BCBB77,Comprador de servicios,1,25-34,Hombre,Abonado,25.0,Barcelona,413,9.184772727272728,0.6697674418604651,6,142.57,1,12,4.25,4.5,4.5
AF-63E9337F52,Aficionado latente,0,45-54,Mujer,No socio,11.0,Lugo,9,0.49545454545454537,0.035,0,0.0,1,13,4.25,1.5,2.5
AF-3657255DA5,Hincha digital intensivo,3,45-54,Hombre,Socio digital,7.0,A Coruña,396,9.81,0.675,10,202.53,4,121,6.0,3.0,3.5
AF-F651274BD0,Comprador de servicios,1,35-44,Hombre,No socio,1.0,A Coruña,420,9.065,0.5930735930735931,5,25.32,1,23,4.75,1.75,4.5
AF-27800CCF31,Aficionado latente,0,45-54,Hombre,No socio,10.0,A Coruña,9,0.9445454545454546,0.08791208791208792,0,0.0,3,90,4.75,1.75,4.5
AF-3D8B6C1E09,Seguidor social,2,25-34,Hombre,Socio digital,12.0,A Coruña,240,6.751818181818181,0.4375,0,0.0,2,83,4.25,6.0,4.5
AF-5DA1ADF1E9,Seguidor social,2,25-34,Hombre,Abonado,4.0,A Coruña,88,4.345227272727272,0.24434389140271492,1,5.19,3,24,5.25,4.0,1.5
AF-3F7F9DC5F1,Aficionado latente,0,45-54,Hombre,Abonado,4.0,A Coruña,4,0.3593181818181818,0.03260869565217391,0,0.0,2,7,4.25,3.75,3.0
AF-6A0BDB3C30,Seguidor social,2,55+,Mujer,Abonado,2.0,Ourense,69,3.2088636363636365,0.18468468468468469,1,14.69,2,77,5.5,4.5,4.5
AF-F3E564F927,Aficionado latente,0,35-44,Hombre,Socio digital,1.0,Madrid,127,5.382727272727273,0.2629310344827586,3,38.87,1,5,4.25,2.75,3.5
AF-863C2B41ED,Seguidor social,2,35-44,Hombre,No socio,4.0,A Coruña,41,3.196818181818182,0.13966480446927373,1,115.46,3,58,4.75,4.25,3.5
AF-14C1F00E40,Comprador de servicios,1,25-34,Hombre,Socio digital,5.0,Pontevedra,359,8.19409090909091,0.6176470588235294,14,45.69,1,15,4.5,4.25,5.0
AF-3E6A03AEB3,Aficionado latente,0,45-54,Mujer,No socio,7.0,Otras,81,4.230227272727273,0.2982456140350877,2,48.83,1,54,3.25,3.5,1.5
AF-675978FEF2,Comprador de servicios,1,25-34,Hombre,Socio digital,3.0,A Coruña,365,7.755909090909091,0.52,4,121.06,2,85,6.0,3.5,6.0
AF-25C1C84C96,Comprador de servicios,1,35-44,Hombre,Socio digital,7.0,Pontevedra,359,10.223863636363637,0.6635071090047393,8,100.67,1,3,6.0,4.0,5.0
AF-ADA410271E,Seguidor social,2,18-24,Mujer,No socio,3.0,Otras,132,5.133863636363636,0.2871287128712871,3,0.0,3,25,2.75,5.0,1.5
AF-4EAC975B19,Seguidor social,2,45-54,Hombre,Abonado,2.0,Ourense,105,3.6965909090909093,0.2843601895734597,1,0.0,3,179,4.25,5.5,1.0
AF-7FF96A0E40,Aficionado latente,0,35-44,Mujer,Socio digital,3.0,Barcelona,39,2.540909090909091,0.10628019323671498,2,0.0,2,75,5.25,3.25,5.0
AF-AC0CFF5D63,Comprador de servicios,1,35-44,Mujer,Socio digital,4.0,Pontevedra,394,8.575454545454546,0.5991189427312775,9,27.43,2,42,5.0,3.0,4.5
AF-38C2B6EB67,Hincha digital intensivo,3,18-24,Hombre,Socio digital,4.0,Madrid,319,9.784090909090908,0.5041666666666667,6,87.96000000000001,3,172,5.75,4.25,3.5
AF-AD04FBE72A,Seguidor social,2,45-54,Hombre,Abonado,12.0,Ourense,256,6.3325,0.48258706467661694,3,37.38,1,17,4.5,5.0,4.0
AF-6EEC8A1495,Comprador de servicios,1,55+,Hombre,Abonado,10.0,A Coruña,301,7.020227272727272,0.47058823529411764,8,8.93,1,17,4.75,3.25,4.0
AF-9F4D3130C3,Seguidor social,2,55+,Mujer,Abonado,2.0,Madrid,134,5.3931818181818185,0.30288461538461536,1,26.68,2,40,5.25,3.75,2.5
AF-158AEACECF,Seguidor social,2,18-24,Mujer,Abonado,7.0,A Coruña,142,5.881818181818182,0.30165289256198347,4,56.26,2,51,5.5,4.0,3.5
AF-975B6BDE94,Hincha digital intensivo,3,35-44,Hombre,Socio digital,13.0,A Coruña,366,8.041590909090909,0.5882352941176471,7,56.040000000000006,4,124,6.0,4.0,2.0
AF-6778112FE1,Aficionado latente,0,45-54,Hombre,No socio,9.0,A Coruña,10,0.6438636363636363,0.04419889502762431,0,0.0,2,66,4.25,1.75,5.0
AF-D63E2893EC,Comprador de servicios,1,55+,Hombre,Abonado,9.0,A Coruña,377,10.055,0.6666666666666666,7,0.0,2,27,4.25,3.25,6.0
AF-3E62E6665C,Seguidor social,2,55+,Mujer,No socio,6.0,A Coruña,71,3.3963636363636365,0.2361111111111111,1,31.73,2,69,5.5,3.75,4.0
AF-D01CA12D7A,Comprador de servicios,1,45-54,Hombre,Abonado,1.0,Asturias,333,9.161136363636363,0.5677966101694916,7,74.41,1,23,5.0,3.75,5.5
AF-2628BC21AE,Seguidor social,2,45-54,Hombre,Socio digital,6.0,A Coruña,218,6.075,0.37727272727272726,4,131.59,3,94,4.75,4.75,4.0
AF-F98BFAF0F4,Aficionado latente,0,35-44,Hombre,Socio digital,4.0,Pontevedra,64,2.912954545454545,0.22748815165876776,3,0.0,2,41,4.75,3.0,2.5
AF-C80C626CD6,Hincha digital intensivo,3,35-44,Mujer,Socio digital,7.0,A Coruña,388,9.155909090909091,0.5954545454545455,8,163.42000000000002,4,263,5.75,5.0,3.5
AF-B8336155FF,Hincha digital intensivo,3,18-24,Hombre,No socio,4.0,A Coruña,357,7.875454545454545,0.5579399141630901,9,72.23,4,136,5.5,5.0,4.0
AF-9B97A27F79,Seguidor social,2,25-34,Hombre,Socio digital,4.0,A Coruña,92,3.932045454545454,0.24378109452736318,3,0.0,4,149,4.0,3.0,2.5
AF-7B47FAD197,Aficionado latente,0,18-24,Hombre,No socio,5.0,Lugo,107,3.7079545454545455,0.2537313432835821,3,0.0,1,55,4.5,3.25,4.0
AF-C47B01CF84,Hincha digital intensivo,3,25-34,Mujer,Socio digital,5.0,Lugo,338,6.8131818181818184,0.5275229357798165,6,129.69,3,173,5.0,6.0,4.5
AF-971986CA93,Comprador de servicios,1,18-24,Hombre,Abonado,9.0,A Coruña,375,9.576590909090909,0.5732758620689655,8,95.48,2,40,6.25,6.75,5.5
AF-2942AC1745,Comprador de servicios,1,35-44,Mujer,Socio digital,15.0,Pontevedra,336,8.40409090909091,0.6347826086956522,11,4.81,3,123,4.0,4.0,5.5
AF-6EAC1C4E52,Hincha digital intensivo,3,45-54,Mujer,Abonado,18.0,Madrid,343,7.390681818181818,0.5521739130434783,9,55.63,4,381,4.5,6.0,4.5
AF-B7AB9D06AE,Aficionado latente,0,55+,Hombre,No socio,6.0,Lugo,78,3.636818181818182,0.16019417475728157,3,74.81,1,1,3.5,3.5,2.0
AF-8B0B040615,Seguidor social,2,25-34,Hombre,No socio,11.0,A Coruña,126,5.511590909090909,0.2955665024630542,6,46.86,1,45,5.0,3.75,2.5
AF-4AFBC4265B,Seguidor social,2,35-44,Hombre,Socio digital,20.0,Otras,133,6.27340909090909,0.31877729257641924,0,24.58,3,128,5.0,4.25,3.5
AF-4ECA50849E,Hincha digital intensivo,3,35-44,Mujer,No socio,13.0,Pontevedra,294,8.112727272727271,0.4933920704845815,7,106.77,3,258,6.0,5.0,6.5
AF-85E44E732B,Seguidor social,2,25-34,Mujer,Abonado,2.0,Otras,68,3.703181818181818,0.20408163265306123,1,48.15,4,153,5.5,4.0,3.5
AF-646E8D15A2,Comprador de servicios,1,35-44,Hombre,Abonado,14.0,A Coruña,284,8.548863636363636,0.5833333333333334,7,4.2,1,33,6.75,3.75,6.5
AF-0CB99E2C3D,Seguidor social,2,25-34,Mujer,No socio,7.0,Asturias,86,4.112727272727273,0.21818181818181817,2,0.0,3,74,5.0,4.5,5.0
AF-7826A82F9C,Seguidor social,2,18-24,Mujer,No socio,4.0,Barcelona,190,5.716136363636363,0.4099099099099099,4,53.3,2,78,4.25,3.5,3.0
AF-2CFBB16FDC,Hincha digital intensivo,3,25-34,Hombre,No socio,11.0,Lugo,361,7.667045454545455,0.5990338164251208,8,44.23,3,115,5.0,6.25,3.5
AF-9E1E2EACC0,Aficionado latente,0,18-24,Hombre,Socio digital,10.0,A Coruña,12,0.7863636363636364,0.036458333333333336,0,0.0,2,19,4.25,3.25,3.5
AF-450CD59F6A,Seguidor social,2,25-34,Hombre,No socio,9.0,A Coruña,160,5.166363636363636,0.33739837398373984,7,26.16,2,21,5.5,4.5,5.0
AF-D4860A84B1,Comprador de servicios,1,25-34,Mujer,Abonado,5.0,Otras,359,7.851590909090908,0.6172839506172839,7,13.87,3,48,5.25,4.25,6.5
AF-C2D0DB0134,Hincha digital intensivo,3,45-54,Hombre,No socio,6.0,Pontevedra,343,7.624318181818182,0.6267281105990783,6,114.75999999999999,3,121,5.75,5.75,5.0
AF-5A1ABBCCE9,Seguidor social,2,45-54,Hombre,Socio digital,3.0,A Coruña,104,3.9529545454545456,0.23232323232323232,1,0.0,3,59,4.75,4.0,2.5
AF-59542D6595,Comprador de servicios,1,18-24,Hombre,Socio digital,1.0,Barcelona,485,11.09,0.71900826446281,7,95.69999999999999,1,10,4.5,4.5,3.5
AF-E253835673,Aficionado latente,0,35-44,Mujer,Abonado,18.0,Pontevedra,22,2.005909090909091,0.09523809523809523,0,0.0,0,0,4.5,2.5,4.5
AF-1FE768FF76,Aficionado latente,0,25-34,Mujer,Socio digital,10.0,A Coruña,84,4.432727272727273,0.3193717277486911,0,0.0,3,51,3.0,2.5,1.0
AF-30BA329EAB,Aficionado latente,0,35-44,Hombre,Abonado,2.0,Lugo,74,4.326363636363636,0.2222222222222222,1,0.0,2,13,4.5,2.75,3.5
AF-F82DFE8137,Aficionado latente,0,45-54,Hombre,No socio,2.0,A Coruña,38,2.035,0.1724137931034483,0,0.0,3,20,4.0,2.75,4.0
AF-BABA8E59D9,Aficionado latente,0,35-44,Mujer,No socio,3.0,A Coruña,39,2.666818181818182,0.0825242718446602,2,0.0,1,8,5.0,4.0,3.0
AF-8F1186AA9D,Comprador de servicios,1,35-44,Hombre,No socio,9.0,A Coruña,388,9.576590909090909,0.6605504587155964,4,104.47,1,20,5.25,3.75,6.5
AF-DDF84C537F,Aficionado latente,0,55+,Hombre,Abonado,14.0,A Coruña,91,5.447954545454546,0.31527093596059114,4,47.5,2,12,3.5,2.75,2.5
AF-18E12F0877,Aficionado latente,0,25-34,Mujer,No socio,6.0,A Coruña,113,4.524090909090909,0.24120603015075376,0,0.0,2,34,2.75,1.75,2.5
AF-7E9BA07756,Aficionado latente,0,25-34,Hombre,No socio,3.0,Asturias,145,4.869318181818182,0.3755656108597285,4,0.0,0,0,4.0,4.0,3.5
AF-3E86F37048,Comprador de servicios,1,18-24,Mujer,Socio digital,11.0,Madrid,210,6.307954545454546,0.375609756097561,5,35.88,0,0,5.5,4.25,3.5
AF-C2C72E4F69,Seguidor social,2,18-24,Mujer,No socio,4.0,A Coruña,87,3.7236363636363636,0.27906976744186046,4,0.0,2,152,3.5,2.75,5.5
AF-5F0A0060C9,Seguidor social,2,45-54,Mujer,Abonado,18.0,A Coruña,149,5.561136363636364,0.32489451476793246,3,0.0,3,68,5.0,4.75,2.5
AF-55F2EBDC8C,Seguidor social,2,25-34,Mujer,Abonado,6.0,A Coruña,111,4.184318181818182,0.3094170403587444,1,0.0,2,21,3.75,4.5,1.0
AF-ECFDDC9758,Comprador de servicios,1,25-34,Mujer,Socio digital,2.0,Ourense,429,7.509090909090909,0.7142857142857143,13,40.760000000000005,1,70,6.25,4.5,6.0
AF-67613077CA,Hincha digital intensivo,3,35-44,Hombre,Abonado,19.0,Pontevedra,216,7.335454545454545,0.4248927038626609,5,0.0,2,168,5.75,6.0,5.0
AF-D8F0A475CF,Comprador de servicios,1,35-44,Mujer,Abonado,10.0,A Coruña,377,9.088181818181818,0.6437768240343348,10,31.39,2,51,4.5,3.5,4.5
AF-C9F39C1ED2,Aficionado latente,0,25-34,Mujer,No socio,14.0,A Coruña,66,3.7545454545454544,0.2981651376146789,0,0.0,1,17,3.25,3.75,3.5
AF-7DDE00B981,Hincha digital intensivo,3,25-34,Hombre,No socio,3.0,A Coruña,459,9.8175,0.695067264573991,7,67.44,5,309,5.5,5.0,4.5
AF-29C3C53493,Seguidor social,2,25-34,Hombre,Socio digital,5.0,A Coruña,165,5.262045454545454,0.3815789473684211,4,0.0,3,39,3.5,3.75,4.0
AF-AB085FFE9D,Hincha digital intensivo,3,25-34,Hombre,Socio digital,3.0,Pontevedra,315,7.6675,0.6125,5,44.34,3,251,3.5,4.5,4.5
AF-8462CBCD11,Seguidor social,2,35-44,Hombre,Socio digital,6.0,A Coruña,167,5.056818181818182,0.35398230088495575,0,0.0,3,120,4.25,2.75,5.0
AF-7BDAD8F932,Seguidor social,2,25-34,Hombre,Socio digital,5.0,Madrid,213,6.628636363636363,0.4326923076923077,1,29.16,1,109,4.25,5.0,4.5
AF-03762F3BB4,Aficionado latente,0,35-44,Hombre,No socio,5.0,A Coruña,4,0.4706818181818182,0.0,0,0.0,3,71,4.5,2.25,4.0
AF-20A9CA7871,Seguidor social,2,25-34,Mujer,No socio,10.0,Ourense,87,4.344545454545455,0.28502415458937197,2,0.0,3,67,5.75,4.5,2.0
AF-FCAD3EDDDB,Comprador de servicios,1,35-44,Hombre,Abonado,4.0,Ourense,312,8.724772727272727,0.55,6,0.0,0,0,6.0,3.5,4.5
AF-726BAB374E,Aficionado latente,0,25-34,Hombre,Abonado,6.0,Pontevedra,26,1.9513636363636364,0.09340659340659341,0,0.0,1,23,4.75,2.25,3.5
AF-458AB9E5A2,Comprador de servicios,1,18-24,Mujer,Socio digital,7.0,A Coruña,208,7.228409090909091,0.40654205607476634,6,65.27,2,38,5.5,3.25,6.5
AF-00BC714C5D,Comprador de servicios,1,25-34,Hombre,Abonado,11.0,Ourense,333,9.297272727272727,0.6111111111111112,4,67.25,2,34,5.5,4.25,5.0
AF-0B4AC5DB6A,Aficionado latente,0,45-54,Hombre,Socio digital,21.0,Pontevedra,143,5.514772727272727,0.33962264150943394,3,0.0,0,0,4.25,3.75,5.0
AF-7ED928D619,Seguidor social,2,25-34,Hombre,Abonado,2.0,A Coruña,38,2.285681818181818,0.15270935960591134,0,0.0,3,108,5.5,5.0,2.5
AF-73B3943BA2,Hincha digital intensivo,3,18-24,Hombre,Abonado,3.0,Lugo,301,8.39,0.47767857142857145,8,23.17,3,156,6.5,6.0,5.5
AF-BA66C3835B,Comprador de servicios,1,35-44,Mujer,Abonado,4.0,A Coruña,377,8.375909090909092,0.5796460176991151,4,54.45,2,52,5.5,3.0,5.0
AF-2815D39260,Comprador de servicios,1,45-54,Hombre,Abonado,8.0,Madrid,283,8.99840909090909,0.5176991150442478,8,48.379999999999995,3,56,3.5,3.25,5.0
AF-60831D4818,Aficionado latente,0,45-54,Hombre,No socio,6.0,Pontevedra,111,5.1252272727272725,0.31797235023041476,0,0.0,2,50,4.0,2.75,5.0
AF-C9CBEEA8D8,Comprador de servicios,1,35-44,Mujer,Abonado,6.0,Otras,284,9.327045454545454,0.5714285714285714,5,68.81,0,0,6.5,4.5,6.0
AF-B4C295C57A,Comprador de servicios,1,35-44,Mujer,Abonado,10.0,A Coruña,402,9.1275,0.5748792270531401,6,3.39,2,23,4.5,3.25,4.0
AF-7B0CB7D7CC,Aficionado latente,0,18-24,Hombre,No socio,6.0,Otras,100,4.749545454545454,0.26108374384236455,1,0.0,3,53,4.0,2.0,4.5
AF-EB8E9EE952,Aficionado latente,0,18-24,Mujer,Abonado,6.0,A Coruña,16,1.2697727272727273,0.09137055837563451,0,0.0,2,45,5.25,4.25,1.5
AF-888DAD15D5,Comprador de servicios,1,35-44,Hombre,Abonado,16.0,Asturias,256,8.802727272727273,0.451063829787234,7,22.08,2,61,5.25,2.25,4.5
AF-2943D09E9B,Hincha digital intensivo,3,25-34,Mujer,Abonado,2.0,Asturias,389,9.91090909090909,0.5981735159817352,3,98.62,5,309,5.75,5.75,6.0
AF-4751412723,Hincha digital intensivo,3,25-34,Hombre,Socio digital,8.0,A Coruña,285,7.611363636363635,0.5945945945945946,7,18.79,5,193,5.5,4.5,3.5
AF-059CA66583,Aficionado latente,0,55+,Mujer,No socio,2.0,A Coruña,69,3.745,0.19607843137254902,1,0.0,1,7,3.75,4.25,3.0
AF-D39637D5B4,Hincha digital intensivo,3,18-24,Mujer,Socio digital,6.0,A Coruña,214,6.0609090909090915,0.4354066985645933,3,157.34,4,159,6.25,5.5,5.5
AF-4102267151,Comprador de servicios,1,35-44,Hombre,Abonado,11.0,Lugo,367,9.44090909090909,0.6061946902654868,5,83.17,1,26,6.0,3.25,5.5
AF-7E033842E2,Comprador de servicios,1,35-44,Mujer,Abonado,2.0,Pontevedra,278,6.871363636363637,0.5748792270531401,3,10.74,1,12,3.75,2.25,5.0
AF-A963AD08D2,Aficionado latente,0,25-34,Mujer,Socio digital,12.0,A Coruña,113,4.678863636363636,0.308411214953271,3,4.69,2,45,4.5,2.5,4.0
AF-E8A89D0519,Hincha digital intensivo,3,18-24,Mujer,Abonado,9.0,Barcelona,299,6.553409090909091,0.4889867841409692,3,11.9,4,368,6.25,5.0,5.0
AF-D4A8A1E4BD,Comprador de servicios,1,35-44,Hombre,Socio digital,6.0,A Coruña,317,8.48340909090909,0.5198019801980198,7,127.86999999999999,1,40,4.25,5.0,5.5
AF-9E7489D6B8,Seguidor social,2,35-44,Hombre,No socio,1.0,A Coruña,110,4.368863636363636,0.30097087378640774,1,136.82,2,56,5.0,3.5,2.5
AF-4FB4571648,Seguidor social,2,35-44,Mujer,No socio,9.0,A Coruña,204,5.017727272727273,0.38388625592417064,7,89.89,3,135,4.25,5.25,4.0
AF-553ACB8B1B,Seguidor social,2,45-54,Mujer,No socio,4.0,Lugo,40,2.7490909090909095,0.17326732673267325,0,0.0,4,91,4.5,3.75,4.0
AF-5987FC9E2D,Aficionado latente,0,35-44,Mujer,No socio,4.0,Otras,20,1.7713636363636363,0.10426540284360189,0,0.0,2,69,2.75,3.25,3.0
AF-B09FB446E3,Hincha digital intensivo,3,45-54,Hombre,Abonado,1.0,Ourense,378,7.087272727272727,0.582089552238806,8,119.96,4,331,5.25,4.75,5.0
AF-F205E2718D,Seguidor social,2,55+,Mujer,Socio digital,5.0,Lugo,142,6.461818181818182,0.27488151658767773,2,12.55,1,71,3.75,4.5,4.0
AF-F2C8071FFD,Hincha digital intensivo,3,35-44,Hombre,Abonado,6.0,A Coruña,313,8.216818181818182,0.5876777251184834,7,13.13,5,472,5.25,5.75,6.0
AF-5F45F8E1B7,Aficionado latente,0,18-24,Hombre,No socio,14.0,Pontevedra,10,0.8413636363636364,0.016666666666666666,0,0.0,3,39,2.75,3.0,3.0
AF-BED79B928A,Aficionado latente,0,25-34,Hombre,Socio digital,16.0,Otras,11,0.6086363636363636,0.060109289617486336,0,0.0,1,51,4.5,3.75,2.5
AF-1026E625A3,Comprador de servicios,1,25-34,Hombre,Abonado,21.0,A Coruña,388,7.469545454545455,0.5605381165919282,5,76.51,3,63,3.25,3.0,4.5
AF-C2E44A7EF9,Comprador de servicios,1,35-44,Hombre,Abonado,12.0,A Coruña,432,10.75,0.6932773109243697,9,125.65,1,29,4.75,4.0,6.0
AF-793B7228F8,Hincha digital intensivo,3,55+,Mujer,Socio digital,4.0,Pontevedra,271,7.97340909090909,0.5022421524663677,8,12.77,3,120,5.5,4.75,4.5
AF-C6A3BFEBC0,Comprador de servicios,1,35-44,Hombre,Abonado,7.0,Pontevedra,390,10.432045454545454,0.6788990825688074,10,63.599999999999994,1,24,4.5,4.5,4.5
AF-E233B7A0A7,Hincha digital intensivo,3,25-34,Mujer,Abonado,7.0,Asturias,387,10.808409090909091,0.6287128712871287,10,28.42,3,272,5.25,5.75,3.0
AF-D2CFE82CF0,Hincha digital intensivo,3,18-24,Hombre,Abonado,13.0,Lugo,286,9.7725,0.4727272727272727,9,81.59,3,222,5.5,5.25,5.0
AF-2A8FDD834A,Hincha digital intensivo,3,25-34,Hombre,Socio digital,7.0,Pontevedra,295,7.3784090909090905,0.5258964143426295,5,182.68,3,105,4.75,5.0,5.0
AF-38D0EEF4F8,Comprador de servicios,1,45-54,Mujer,Abonado,2.0,Madrid,412,10.011136363636364,0.5772727272727273,5,180.23000000000002,3,86,5.5,4.25,4.5
AF-4E9B4E9B17,Seguidor social,2,55+,Hombre,No socio,3.0,A Coruña,156,6.631136363636363,0.40969162995594716,4,0.0,2,98,5.0,4.25,3.0
AF-A9D038F2CA,Hincha digital intensivo,3,45-54,Mujer,Abonado,1.0,Otras,366,9.240909090909092,0.5380952380952381,8,128.8,4,169,5.0,3.25,3.0
AF-19E26A1D9B,Hincha digital intensivo,3,55+,Hombre,No socio,24.0,A Coruña,354,9.098863636363637,0.6009389671361502,7,0.0,3,89,6.0,5.25,5.5
AF-6CF7ED4E31,Aficionado latente,0,45-54,Hombre,Abonado,9.0,Pontevedra,68,4.194318181818182,0.20853080568720378,0,0.0,1,8,4.25,3.5,3.0
AF-D4812056DA,Seguidor social,2,25-34,Hombre,No socio,2.0,A Coruña,127,5.2934090909090905,0.38164251207729466,2,17.73,4,238,4.25,5.0,4.0
AF-1B37904844,Seguidor social,2,45-54,Hombre,No socio,7.0,A Coruña,137,4.903863636363637,0.325,2,0.0,2,47,5.25,3.5,2.0
AF-1861F92B84,Aficionado latente,0,25-34,Hombre,Socio digital,7.0,Madrid,8,0.5977272727272728,0.05759162303664921,0,0.0,3,30,4.5,3.0,1.5
AF-2766DA3912,Seguidor social,2,25-34,Hombre,No socio,2.0,Lugo,89,4.570909090909091,0.24537037037037038,0,57.86,2,54,5.75,4.0,2.5
AF-BBA4AD9A29,Seguidor social,2,25-34,Hombre,No socio,4.0,A Coruña,149,6.043636363636364,0.3402061855670103,3,0.0,4,15,4.25,4.0,4.5
AF-615A26D23B,Aficionado latente,0,18-24,Mujer,Abonado,7.0,A Coruña,32,2.037272727272727,0.15656565656565657,1,25.6,1,22,4.0,3.5,3.0
AF-508301F7A4,Seguidor social,2,45-54,Mujer,Socio digital,7.0,A Coruña,96,4.992727272727273,0.2074688796680498,1,0.0,3,87,4.75,4.25,3.0
AF-873F9F3CFE,Seguidor social,2,25-34,Hombre,No socio,9.0,A Coruña,92,4.786363636363636,0.26851851851851855,1,0.0,1,16,4.25,5.5,3.5
AF-12FA143294,Comprador de servicios,1,45-54,Hombre,No socio,7.0,A Coruña,375,10.17681818181818,0.6604651162790698,9,92.78999999999999,2,83,5.25,5.5,5.0
AF-B8AE9590A6,Comprador de servicios,1,35-44,Hombre,Abonado,22.0,Lugo,309,9.146818181818182,0.5570776255707762,5,0.0,2,86,3.5,5.0,5.0
AF-FEB5BD5D9D,Aficionado latente,0,55+,Mujer,No socio,17.0,A Coruña,5,0.5038636363636364,0.04371584699453552,0,0.0,3,41,5.0,2.75,1.5
AF-84C284C488,Seguidor social,2,55+,Mujer,No socio,8.0,A Coruña,75,3.6236363636363635,0.22171945701357465,2,47.32,3,93,5.75,4.5,2.0
AF-B5037B172D,Comprador de servicios,1,25-34,Hombre,No socio,1.0,A Coruña,367,7.09909090909091,0.6090909090909091,7,61.82000000000001,2,28,5.25,5.75,5.5
AF-C93EC18D53,Comprador de servicios,1,25-34,Hombre,Abonado,4.0,Asturias,310,7.865,0.5934579439252337,3,0.0,0,0,4.25,3.5,6.5
AF-0EF78F399C,Aficionado latente,0,18-24,Mujer,No socio,4.0,Madrid,4,0.3195454545454546,0.018404907975460124,0,0.0,2,35,5.25,2.5,4.0
AF-EC06C49A1E,Seguidor social,2,55+,Mujer,Abonado,5.0,A Coruña,15,1.2034090909090909,0.05649717514124294,0,0.0,2,120,6.0,5.0,4.5
AF-37BE65B678,Aficionado latente,0,25-34,Hombre,No socio,10.0,A Coruña,55,3.151590909090909,0.12935323383084577,0,0.0,2,20,4.75,2.5,4.5
AF-41088CF5D8,Seguidor social,2,45-54,Mujer,Abonado,5.0,A Coruña,225,6.257954545454546,0.42792792792792794,2,34.55,2,88,4.5,3.25,5.5
AF-4FA4691EDF,Seguidor social,2,18-24,Mujer,Abonado,6.0,Otras,130,6.534545454545454,0.30434782608695654,2,0.0,1,33,3.75,4.5,5.0
AF-6461685C3C,Aficionado latente,0,25-34,Hombre,No socio,15.0,Madrid,89,3.455454545454545,0.2009132420091324,3,0.0,1,25,3.5,4.5,4.0
AF-EEC77204DC,Seguidor social,2,55+,Hombre,Abonado,12.0,Pontevedra,147,6.114090909090908,0.32857142857142857,3,151.95,2,47,4.0,4.25,2.5
AF-99901FA73C,Aficionado latente,0,25-34,Mujer,No socio,7.0,Lugo,7,0.3893181818181818,0.034482758620689655,0,0.0,1,23,4.75,2.0,3.0
AF-C4F0A7B022,Comprador de servicios,1,35-44,Hombre,Abonado,7.0,A Coruña,300,7.993636363636364,0.5541125541125541,9,0.0,2,17,4.75,3.75,4.5
AF-89CA51108A,Comprador de servicios,1,35-44,Hombre,Abonado,12.0,Otras,260,7.349545454545455,0.48847926267281105,5,0.0,2,105,5.25,5.0,5.5
AF-A163928B6B,Aficionado latente,0,35-44,Hombre,Abonado,8.0,Barcelona,61,3.537272727272727,0.21890547263681592,1,0.0,0,0,5.5,4.0,3.0
AF-D98676D7FD,Aficionado latente,0,45-54,Hombre,No socio,13.0,Otras,132,5.523181818181818,0.27149321266968324,2,0.0,0,0,4.75,2.5,3.0
AF-0BE48FF27F,Hincha digital intensivo,3,35-44,Mujer,Abonado,4.0,Otras,406,9.01659090909091,0.6481481481481481,10,2.27,3,186,5.25,5.0,4.5
AF-19D6808718,Seguidor social,2,45-54,Mujer,No socio,17.0,A Coruña,95,3.9774999999999996,0.26582278481012656,1,78.07,4,257,5.25,3.75,2.5
AF-DAAB6FFE3D,Seguidor social,2,25-34,Hombre,Abonado,2.0,A Coruña,100,4.13,0.2669491525423729,1,0.0,3,30,5.5,4.5,2.5
AF-F0194A4D43,Seguidor social,2,45-54,Hombre,No socio,13.0,A Coruña,201,6.556590909090909,0.4186046511627907,2,61.54,2,117,4.25,4.5,2.5
AF-03D634CA98,Aficionado latente,0,35-44,Hombre,No socio,4.0,Pontevedra,103,4.602045454545455,0.26976744186046514,2,24.27,2,40,4.25,2.75,3.0
AF-483CA29082,Seguidor social,2,35-44,Hombre,No socio,3.0,Barcelona,256,6.716590909090908,0.4224137931034483,2,61.67,3,100,3.75,4.75,3.5
AF-B76471C88F,Seguidor social,2,45-54,Hombre,Socio digital,4.0,Pontevedra,189,5.350909090909091,0.33482142857142855,3,49.37,2,60,6.0,3.25,3.5
AF-499D2E6E40,Aficionado latente,0,25-34,Hombre,No socio,15.0,Otras,100,5.133409090909091,0.27522935779816515,0,0.0,0,0,4.25,2.75,4.0
AF-0D057E3DE5,Aficionado latente,0,35-44,Mujer,No socio,2.0,A Coruña,11,0.6543181818181818,0.029850746268656716,0,0.0,1,46,6.0,3.5,3.5
AF-39084F7A21,Seguidor social,2,18-24,Mujer,Socio digital,5.0,Lugo,239,7.040454545454545,0.42081447963800905,4,42.98,2,65,5.0,5.0,4.0
AF-30BE22DFD7,Seguidor social,2,25-34,Mujer,No socio,9.0,A Coruña,112,4.704090909090909,0.3383838383838384,3,5.71,3,114,4.75,3.75,3.5
AF-BFACCABAAF,Seguidor social,2,18-24,Mujer,Socio digital,2.0,A Coruña,86,4.272272727272727,0.205,2,0.0,3,134,4.5,3.0,4.5
AF-51866E949E,Comprador de servicios,1,45-54,Hombre,Abonado,10.0,Madrid,234,8.68818181818182,0.537117903930131,5,0.0,1,15,4.5,4.25,4.0
AF-9EBE1888BD,Seguidor social,2,18-24,Hombre,Abonado,9.0,A Coruña,203,6.744545454545454,0.3963963963963964,4,0.0,3,104,5.5,6.25,4.5
AF-FF88D0731A,Seguidor social,2,55+,Mujer,No socio,17.0,A Coruña,39,2.898409090909091,0.1323529411764706,1,0.0,4,53,3.75,3.5,4.0
AF-130B2A515C,Comprador de servicios,1,35-44,Hombre,Abonado,5.0,Pontevedra,308,7.267499999999999,0.5167464114832536,6,175.44,2,96,4.5,4.0,4.5
AF-F03361363C,Seguidor social,2,18-24,Mujer,No socio,10.0,Madrid,94,4.7727272727272725,0.27927927927927926,2,0.0,3,65,5.0,2.5,4.0
AF-25D59959DF,Comprador de servicios,1,35-44,Hombre,Abonado,4.0,A Coruña,401,10.347272727272728,0.6097560975609756,7,7.45,2,69,4.25,4.0,6.0
AF-4873F34A84,Comprador de servicios,1,25-34,Hombre,Abonado,8.0,A Coruña,355,7.440681818181818,0.6329113924050633,6,83.57,1,19,4.0,3.0,5.0
AF-2716298DF0,Hincha digital intensivo,3,25-34,Hombre,Socio digital,3.0,A Coruña,423,10.887045454545456,0.7644230769230769,6,41.25,5,178,5.75,5.0,5.5
AF-2B0497B464,Comprador de servicios,1,45-54,Mujer,Abonado,18.0,Ourense,338,8.16909090909091,0.568075117370892,4,73.05,2,60,5.5,3.25,4.0
AF-FABEBEC4A8,Seguidor social,2,25-34,Hombre,No socio,7.0,Ourense,58,3.830909090909091,0.19791666666666666,0,12.42,3,57,5.25,3.75,4.5
AF-D5A6C63BAF,Comprador de servicios,1,35-44,Hombre,Abonado,12.0,Pontevedra,441,8.859545454545454,0.6941747572815534,3,66.36,1,8,6.0,4.75,4.5
AF-33F3C6A6EB,Seguidor social,2,55+,Hombre,Abonado,3.0,A Coruña,199,6.614318181818181,0.4434389140271493,2,15.47,3,180,4.0,4.5,4.5
AF-992B008339,Comprador de servicios,1,55+,Hombre,Abonado,2.0,Pontevedra,351,8.362727272727271,0.5714285714285714,11,80.27,3,92,5.5,4.0,5.0
AF-CCA56DB742,Seguidor social,2,25-34,Mujer,Abonado,7.0,Madrid,67,4.201363636363637,0.19,3,0.0,2,49,3.5,5.0,3.0
AF-73A82986B4,Aficionado latente,0,35-44,Mujer,Abonado,7.0,A Coruña,88,4.010909090909091,0.2026431718061674,1,0.0,1,15,5.5,3.0,5.0
AF-BC2E7E9522,Comprador de servicios,1,45-54,Hombre,Socio digital,9.0,Lugo,309,7.742954545454546,0.5294117647058824,2,0.0,1,40,4.5,3.0,5.0
AF-7A0C082147,Aficionado latente,0,35-44,Hombre,Socio digital,5.0,A Coruña,110,6.074090909090909,0.2676767676767677,0,0.0,2,15,4.0,3.5,2.5
AF-B865AC68B8,Seguidor social,2,35-44,Hombre,Socio digital,5.0,Madrid,119,5.629772727272727,0.319047619047619,4,0.0,2,127,4.0,5.0,3.5
AF-A5BCAA21AA,Hincha digital intensivo,3,25-34,Mujer,Socio digital,4.0,Madrid,336,8.465,0.5857740585774058,7,68.50999999999999,3,169,5.75,5.25,3.5
AF-D67A3466DB,Seguidor social,2,45-54,Hombre,Abonado,7.0,Pontevedra,201,5.788636363636364,0.39915966386554624,5,100.03,2,71,5.25,4.75,2.0
AF-666FF1AF72,Aficionado latente,0,55+,Hombre,Abonado,9.0,Lugo,58,3.5143181818181817,0.26,0,9.11,2,9,4.5,3.0,3.5
AF-9B396B4AC8,Hincha digital intensivo,3,25-34,Hombre,No socio,3.0,A Coruña,495,11.88,0.751131221719457,7,17.1,4,158,5.5,3.75,7.0
AF-4E051C1234,Aficionado latente,0,35-44,Hombre,No socio,9.0,Pontevedra,59,3.3443181818181817,0.2037037037037037,2,15.39,1,0,4.0,2.75,2.5
AF-CCAD65DC85,Seguidor social,2,18-24,Hombre,No socio,6.0,Madrid,238,7.011363636363637,0.4765957446808511,3,0.0,5,163,4.5,2.0,4.0
AF-2D318F03BF,Aficionado latente,0,35-44,Hombre,Socio digital,8.0,A Coruña,9,0.858409090909091,0.055248618784530384,0,0.0,2,21,3.5,3.5,3.0
AF-E94D66D8D3,Hincha digital intensivo,3,25-34,Mujer,Socio digital,9.0,A Coruña,333,7.58590909090909,0.5633802816901409,7,45.36,3,149,4.5,5.0,6.0
AF-4ACB7D54DA,Hincha digital intensivo,3,25-34,Hombre,No socio,6.0,Madrid,432,9.446818181818182,0.645933014354067,8,60.7,4,262,5.25,3.75,5.5
AF-84880B8446,Aficionado latente,0,45-54,Hombre,Socio digital,6.0,A Coruña,61,3.2388636363636363,0.1875,1,0.0,0,0,3.75,3.0,5.5
AF-31846F2740,Aficionado latente,0,55+,Mujer,No socio,7.0,Pontevedra,129,5.767727272727273,0.334841628959276,1,74.78999999999999,2,30,4.5,2.25,2.5
AF-B2117015C6,Comprador de servicios,1,35-44,Mujer,No socio,3.0,Madrid,328,9.006818181818183,0.5394190871369294,7,0.0,0,0,4.75,4.0,4.5
AF-7425A4BA73,Comprador de servicios,1,45-54,Hombre,Abonado,4.0,Asturias,375,8.311136363636363,0.5797101449275363,9,154.53,3,49,3.25,4.75,4.0
AF-26725729A2,Hincha digital intensivo,3,25-34,Hombre,No socio,6.0,Pontevedra,289,8.021818181818183,0.509090909090909,6,15.06,3,139,5.25,4.75,4.5
AF-E643716928,Aficionado latente,0,45-54,Mujer,Abonado,4.0,Lugo,21,1.733409090909091,0.085,0,49.47,3,13,3.75,1.0,4.0
AF-EE669B5438,Aficionado latente,0,55+,Hombre,Socio digital,3.0,Pontevedra,38,2.3759090909090905,0.16145833333333334,0,0.0,1,1,3.5,3.25,2.0
AF-942B80F7DF,Comprador de servicios,1,35-44,Mujer,Abonado,11.0,A Coruña,350,9.270454545454546,0.6046511627906976,7,209.76,2,74,4.25,4.5,6.5
AF-9B38096B16,Seguidor social,2,55+,Hombre,No socio,11.0,Ourense,87,5.100681818181818,0.22641509433962265,2,23.39,1,91,4.25,3.75,4.0
AF-7211CAF04E,Seguidor social,2,25-34,Hombre,No socio,6.0,Asturias,54,2.833181818181818,0.18181818181818182,1,0.0,4,137,5.5,4.5,3.5
AF-32B6B8F809,Comprador de servicios,1,35-44,Hombre,Abonado,2.0,A Coruña,302,8.314545454545454,0.5161290322580645,2,221.35,1,52,5.75,4.5,3.0
AF-6031C61A44,Seguidor social,2,45-54,Hombre,No socio,6.0,A Coruña,180,5.598409090909091,0.3574660633484163,3,0.0,3,103,5.0,3.25,4.5
AF-6D0E90AC99,Seguidor social,2,18-24,Hombre,Socio digital,6.0,Asturias,106,5.635909090909092,0.3537117903930131,1,32.120000000000005,2,59,4.75,5.5,3.5
AF-A1D89D1E17,Aficionado latente,0,45-54,Mujer,No socio,8.0,A Coruña,34,2.099090909090909,0.14207650273224043,1,0.0,3,9,5.5,1.5,3.5
AF-74C32E08F3,Comprador de servicios,1,45-54,Hombre,Socio digital,1.0,Madrid,361,9.892727272727273,0.6607929515418502,9,74.17,3,66,4.5,4.75,6.0
AF-5D71B1690F,Comprador de servicios,1,55+,Hombre,Socio digital,13.0,Madrid,303,8.519090909090908,0.533678756476684,5,215.24,0,0,5.5,3.5,4.0
AF-AD1ABBB16A,Hincha digital intensivo,3,35-44,Hombre,No socio,14.0,A Coruña,390,8.506818181818183,0.6322314049586777,5,0.0,3,281,4.5,5.5,6.5
AF-AC49CE43FC,Comprador de servicios,1,25-34,Mujer,Abonado,12.0,Madrid,395,8.507045454545455,0.591743119266055,7,0.0,3,14,4.0,4.75,5.0
AF-89D81DE43B,Hincha digital intensivo,3,18-24,Mujer,Socio digital,16.0,A Coruña,353,7.4588636363636365,0.591743119266055,7,0.0,4,474,5.25,5.25,4.0
AF-B2B8EF2BE1,Aficionado latente,0,35-44,Mujer,No socio,11.0,A Coruña,37,2.396136363636364,0.10697674418604651,0,0.0,1,80,4.5,3.0,2.0
AF-49B98FC918,Seguidor social,2,55+,Mujer,Abonado,8.0,Barcelona,147,5.551363636363636,0.3574660633484163,2,0.0,2,58,4.75,3.5,4.0
AF-4A5049FDAB,Aficionado latente,0,25-34,Hombre,Abonado,19.0,A Coruña,161,5.432954545454546,0.35353535353535354,1,14.39,1,5,3.75,3.25,3.5
AF-F80DBCEDBE,Comprador de servicios,1,55+,Hombre,Abonado,7.0,Ourense,361,9.645681818181819,0.5789473684210527,5,37.62,1,8,4.0,3.5,6.5
AF-D65191B26C,Comprador de servicios,1,35-44,Hombre,No socio,6.0,Pontevedra,300,8.65931818181818,0.5906976744186047,6,36.81,2,56,5.25,5.75,5.0
AF-EDC9062F13,Seguidor social,2,45-54,Hombre,No socio,5.0,Ourense,93,4.7911363636363635,0.25229357798165136,2,78.84,2,129,5.25,4.25,1.5
AF-785C76ACA5,Aficionado latente,0,55+,Hombre,Socio digital,14.0,A Coruña,60,3.2524999999999995,0.18357487922705315,1,0.0,0,0,3.75,2.75,2.0
AF-4964E872B3,Aficionado latente,0,55+,Hombre,No socio,7.0,Madrid,14,1.3136363636363635,0.10396039603960396,0,0.0,2,12,5.0,3.75,2.5
AF-ECAE472D86,Hincha digital intensivo,3,18-24,Mujer,Socio digital,2.0,A Coruña,333,8.078863636363637,0.6183574879227053,5,26.13,4,257,6.0,4.5,5.5
AF-2D0CAF1507,Hincha digital intensivo,3,35-44,Hombre,Socio digital,7.0,A Coruña,384,9.579318181818183,0.6495327102803738,7,0.0,2,208,5.5,4.5,5.5
AF-41E7C879CB,Comprador de servicios,1,25-34,Hombre,Abonado,3.0,A Coruña,421,9.629545454545454,0.6125,5,86.03,1,8,5.5,4.0,5.0
AF-71DE95CC9E,Comprador de servicios,1,35-44,Hombre,Abonado,5.0,A Coruña,347,7.441590909090909,0.5714285714285714,10,69.78,4,102,4.25,3.25,6.0
AF-20F26FED39,Aficionado latente,0,18-24,Hombre,Abonado,6.0,Ourense,8,0.4777272727272727,0.05,0,0.0,2,25,3.5,3.75,3.0
AF-A16A59BF40,Aficionado latente,0,25-34,Hombre,No socio,10.0,A Coruña,70,3.4299999999999997,0.23902439024390243,1,0.0,3,79,3.25,3.0,4.0
AF-E6B1572580,Comprador de servicios,1,35-44,Hombre,No socio,11.0,A Coruña,336,8.375454545454545,0.5635593220338984,2,48.629999999999995,2,68,5.0,3.5,6.0
AF-D5545C86D5,Hincha digital intensivo,3,45-54,Hombre,No socio,9.0,A Coruña,341,8.878636363636364,0.5714285714285714,8,62.58,4,274,6.5,4.75,3.5
AF-5ED170D014,Hincha digital intensivo,3,35-44,Hombre,Abonado,4.0,A Coruña,326,9.74409090909091,0.6009615384615384,3,55.08,3,124,5.0,5.25,6.0
AF-262CEEA441,Hincha digital intensivo,3,35-44,Hombre,No socio,12.0,Barcelona,331,8.235909090909091,0.5463414634146342,3,119.94,2,143,4.75,6.0,6.0
AF-09F8233C0A,Seguidor social,2,45-54,Hombre,No socio,7.0,A Coruña,139,5.260909090909091,0.3177570093457944,1,7.84,3,106,5.5,4.25,3.0
AF-47DD2669D9,Comprador de servicios,1,45-54,Hombre,Abonado,19.0,A Coruña,371,8.949545454545454,0.5775862068965517,7,65.02000000000001,2,52,5.0,3.25,5.0
AF-E0A8AA3606,Seguidor social,2,25-34,Mujer,No socio,3.0,Otras,77,4.236590909090909,0.2920353982300885,4,0.0,3,122,4.25,4.0,3.0
AF-61B7EE7B98,Comprador de servicios,1,45-54,Mujer,Abonado,7.0,A Coruña,347,8.162045454545455,0.6079295154185022,6,31.99,1,12,4.5,4.0,4.5
AF-118042060B,Aficionado latente,0,35-44,Mujer,Socio digital,11.0,Pontevedra,55,3.3909090909090907,0.21621621621621623,3,0.0,0,0,6.0,4.0,3.0
AF-3EB5B4557D,Aficionado latente,0,18-24,Mujer,No socio,3.0,Pontevedra,5,0.5209090909090909,0.02617801047120419,0,0.0,1,27,3.25,2.5,3.5
AF-4EC82DA97D,Hincha digital intensivo,3,25-34,Hombre,Socio digital,6.0,A Coruña,370,9.51590909090909,0.5818965517241379,5,97.61,3,116,5.25,5.75,6.0
AF-04D0F10B98,Seguidor social,2,25-34,Hombre,Socio digital,6.0,Pontevedra,95,5.555227272727273,0.26126126126126126,2,58.52,2,110,4.75,3.5,4.0
AF-C245DC3177,Aficionado latente,0,35-44,Hombre,No socio,5.0,Ourense,2,0.09363636363636364,0.011049723756906077,0,0.0,1,28,3.5,2.0,2.0
AF-04DBEBA3C5,Hincha digital intensivo,3,25-34,Hombre,Abonado,6.0,Barcelona,340,7.4602272727272725,0.5384615384615384,6,45.14,4,62,6.0,3.75,2.0
AF-B6CE9C5AFC,Seguidor social,2,25-34,Mujer,No socio,14.0,Barcelona,101,5.340909090909091,0.33,1,27.05,4,85,3.75,5.0,3.5
AF-946C2AC3B0,Seguidor social,2,55+,Hombre,No socio,9.0,Madrid,119,4.6525,0.2920353982300885,4,26.68,2,149,4.25,3.5,2.5
AF-F7815FC299,Hincha digital intensivo,3,35-44,Mujer,Socio digital,26.0,A Coruña,366,9.585227272727273,0.5727272727272728,5,23.15,4,186,5.5,5.5,6.0
AF-69E234ECF6,Seguidor social,2,45-54,Hombre,Abonado,7.0,A Coruña,151,5.744772727272728,0.39901477832512317,1,95.38,2,71,5.0,3.25,2.5
AF-5057911E8E,Aficionado latente,0,25-34,Hombre,Abonado,19.0,A Coruña,30,2.726818181818182,0.0947867298578199,1,0.0,2,31,4.75,3.25,5.0
AF-3D1827CA97,Seguidor social,2,35-44,Mujer,No socio,14.0,Asturias,133,5.546136363636363,0.26666666666666666,2,0.0,4,112,4.5,5.25,4.5
AF-3A97ABB22B,Comprador de servicios,1,25-34,Hombre,Abonado,3.0,Pontevedra,279,7.399545454545454,0.5240174672489083,7,1.45,2,52,4.75,3.25,4.5
AF-C487B546D4,Comprador de servicios,1,25-34,Mujer,Socio digital,12.0,Ourense,286,8.700681818181819,0.5492957746478874,5,0.0,2,20,4.75,3.0,4.0
AF-17D1B3DB60,Hincha digital intensivo,3,18-24,Hombre,Abonado,29.0,Pontevedra,452,9.617954545454545,0.6470588235294118,6,107.25999999999999,1,217,5.75,5.5,6.0
AF-B6A9ABC3B4,Hincha digital intensivo,3,35-44,Mujer,Abonado,2.0,Otras,338,7.340681818181818,0.48623853211009177,5,163.87,3,149,4.5,6.25,3.5
AF-FB5CBC2F98,Seguidor social,2,35-44,Hombre,Socio digital,12.0,A Coruña,283,6.573409090909092,0.5244444444444445,5,11.48,2,90,5.5,5.75,3.0
AF-1A96AEB0B6,Hincha digital intensivo,3,55+,Mujer,Abonado,12.0,Otras,397,9.089545454545455,0.695,8,0.0,3,175,4.75,4.0,5.0
AF-7730FD8905,Seguidor social,2,55+,Hombre,No socio,5.0,Barcelona,92,4.795,0.2731707317073171,2,0.0,3,45,4.25,4.5,4.5
AF-643B8C46A6,Aficionado latente,0,35-44,Hombre,No socio,3.0,Pontevedra,44,2.340227272727273,0.08888888888888889,0,0.0,2,55,3.5,3.75,3.5
AF-8A1E1404DE,Comprador de servicios,1,45-54,Hombre,Abonado,11.0,Madrid,402,9.5925,0.6478260869565218,9,0.0,0,0,4.25,3.0,6.0
AF-90A22B1047,Seguidor social,2,35-44,Hombre,No socio,2.0,Lugo,70,3.405,0.22748815165876776,0,0.0,3,140,4.5,4.5,3.0
AF-95C66B4A9F,Comprador de servicios,1,18-24,Hombre,Socio digital,2.0,A Coruña,373,8.25340909090909,0.593607305936073,8,87.16,2,124,4.5,4.5,5.5
AF-4534C1FDBB,Seguidor social,2,25-34,Hombre,No socio,7.0,Lugo,161,5.9725,0.3416666666666667,2,0.0,1,4,3.5,5.0,4.0
AF-771D836FA3,Comprador de servicios,1,18-24,Mujer,Abonado,14.0,Madrid,310,8.02818181818182,0.5234042553191489,5,38.85,2,51,4.25,3.0,6.5
AF-2C86A8F215,Comprador de servicios,1,45-54,Mujer,No socio,5.0,A Coruña,303,6.227045454545455,0.4908256880733945,6,92.57,3,73,4.75,4.5,5.5
AF-39AB1EBECF,Aficionado latente,0,45-54,Mujer,No socio,11.0,A Coruña,10,1.0231818181818182,0.06451612903225806,0,0.0,1,10,4.0,3.25,5.5
AF-9AEC85D6A7,Comprador de servicios,1,35-44,Mujer,Socio digital,6.0,Ourense,315,10.57181818181818,0.5304347826086957,7,9.44,2,38,5.75,4.5,5.5
AF-06E796FFEA,Comprador de servicios,1,45-54,Hombre,Abonado,3.0,A Coruña,409,10.356818181818182,0.6272727272727273,4,127.33,2,38,5.25,3.25,6.0
AF-063725924D,Hincha digital intensivo,3,35-44,Hombre,Socio digital,4.0,A Coruña,342,7.5011363636363635,0.5357142857142857,4,30.580000000000002,5,154,4.75,4.75,5.5
AF-3005BC14AD,Aficionado latente,0,35-44,Hombre,Socio digital,7.0,Pontevedra,97,5.180909090909091,0.27319587628865977,3,2.89,2,32,3.75,3.25,1.5
AF-7168C9948C,Aficionado latente,0,55+,Hombre,No socio,12.0,Madrid,10,0.8077272727272727,0.041666666666666664,0,0.0,3,46,4.0,2.0,5.0
AF-783CEED859,Seguidor social,2,55+,Mujer,Abonado,9.0,Pontevedra,139,4.663409090909091,0.30845771144278605,6,0.0,4,168,3.75,5.0,2.0
AF-3C8BF629BC,Comprador de servicios,1,35-44,Hombre,Abonado,15.0,Madrid,451,9.884545454545455,0.7209302325581395,9,80.18,2,16,5.25,5.0,5.0
AF-EDE444A92F,Seguidor social,2,55+,Hombre,No socio,3.0,Barcelona,131,5.212954545454545,0.2644230769230769,4,0.0,3,100,3.75,4.25,4.0
AF-BDA0BD8B3A,Aficionado latente,0,45-54,Mujer,Socio digital,2.0,A Coruña,55,2.8449999999999998,0.1388888888888889,0,0.0,1,22,5.25,3.75,1.5
AF-5726AA5B69,Hincha digital intensivo,3,18-24,Hombre,No socio,1.0,Asturias,275,6.2225,0.49261083743842365,1,34.349999999999994,3,134,5.25,6.25,5.0
AF-61D4F0275F,Seguidor social,2,55+,Mujer,No socio,5.0,A Coruña,180,6.5231818181818175,0.35023041474654376,4,0.0,2,23,5.0,3.25,4.5
AF-02A35A9D15,Comprador de servicios,1,55+,Hombre,Abonado,5.0,Ourense,270,7.465227272727272,0.463519313304721,6,72.42,3,73,5.5,2.75,7.0
AF-2424356104,Seguidor social,2,55+,Hombre,Abonado,1.0,A Coruña,181,6.554090909090909,0.34051724137931033,7,64.32000000000001,2,88,5.5,3.5,3.5
AF-9054BE71B0,Seguidor social,2,45-54,Mujer,Abonado,2.0,Asturias,291,8.34068181818182,0.4663677130044843,3,12.89,2,76,4.25,1.5,3.0
AF-D14DF871ED,Aficionado latente,0,45-54,Hombre,No socio,14.0,Madrid,13,0.8868181818181818,0.05405405405405406,0,0.0,2,26,5.0,2.0,5.5
AF-F4E6EAE2E4,Hincha digital intensivo,3,55+,Hombre,Socio digital,19.0,Pontevedra,402,9.776818181818182,0.6666666666666666,8,49.54,4,225,6.0,5.25,5.0
AF-6048248F7E,Hincha digital intensivo,3,25-34,Mujer,No socio,8.0,Madrid,349,8.111818181818181,0.5851528384279476,7,52.4,4,328,6.0,5.5,3.5
AF-0CA63A9E97,Seguidor social,2,25-34,Mujer,No socio,5.0,Asturias,85,4.077272727272727,0.26244343891402716,2,0.0,3,131,5.75,4.5,3.0
AF-CAA11DA12E,Seguidor social,2,18-24,Mujer,Abonado,28.0,Lugo,284,7.534772727272728,0.5069124423963134,4,7.27,2,110,4.25,5.75,3.5
AF-31A188280B,Hincha digital intensivo,3,25-34,Hombre,Abonado,2.0,A Coruña,277,7.744318181818182,0.5493562231759657,4,125.52000000000001,3,43,5.5,6.25,5.5
AF-B6AA621009,Hincha digital intensivo,3,25-34,Mujer,Abonado,12.0,A Coruña,264,7.162045454545455,0.5023041474654378,8,231.31,4,173,4.25,4.75,4.0
AF-064EE74A7A,Hincha digital intensivo,3,25-34,Mujer,Abonado,12.0,Asturias,341,7.1625000000000005,0.536697247706422,7,130.60999999999999,2,112,5.5,5.5,4.0
AF-6E7ADDFE8E,Comprador de servicios,1,45-54,Hombre,Abonado,7.0,Madrid,374,8.405227272727272,0.5674418604651162,6,64.13,3,71,5.5,4.75,5.5
AF-71240194AA,Hincha digital intensivo,3,25-34,Mujer,Socio digital,4.0,A Coruña,248,7.758409090909091,0.46153846153846156,4,0.0,4,369,5.5,4.75,4.0
AF-DCCE581116,Comprador de servicios,1,25-34,Hombre,No socio,7.0,Lugo,346,7.448636363636364,0.579185520361991,8,0.0,3,100,4.25,5.0,5.5
AF-BF2AA16B02,Comprador de servicios,1,45-54,Hombre,Abonado,9.0,Madrid,329,7.712954545454545,0.5979899497487438,10,49.95,2,27,5.5,3.0,4.0
AF-BF211F57B8,Comprador de servicios,1,55+,Hombre,Abonado,2.0,Pontevedra,328,9.963863636363635,0.5850622406639004,9,29.02,1,44,4.75,4.0,4.5
AF-7286602DA8,Aficionado latente,0,55+,Mujer,No socio,2.0,Lugo,64,3.1459090909090905,0.18691588785046728,0,0.0,1,107,5.0,4.25,3.0
AF-E9715A55AC,Comprador de servicios,1,35-44,Mujer,Abonado,5.0,A Coruña,375,9.254545454545454,0.5879828326180258,9,175.5,4,47,4.75,2.75,5.5
AF-7490BA31EB,Seguidor social,2,45-54,Hombre,No socio,5.0,Lugo,62,3.9075,0.1890547263681592,0,0.0,2,98,5.5,5.0,4.5
AF-DDAC028467,Comprador de servicios,1,45-54,Hombre,Socio digital,7.0,Barcelona,352,9.212954545454545,0.6428571428571429,9,141.07,1,78,3.75,3.75,4.0
AF-32CBDF5462,Comprador de servicios,1,35-44,Hombre,Socio digital,3.0,A Coruña,334,10.612499999999999,0.5458715596330275,8,10.57,4,94,6.75,2.5,3.5
AF-54C581C079,Aficionado latente,0,35-44,Hombre,Socio digital,1.0,A Coruña,33,2.245227272727273,0.12037037037037036,1,0.0,1,31,3.5,3.75,2.5
AF-E350A07C33,Comprador de servicios,1,35-44,Mujer,Abonado,12.0,A Coruña,340,7.642499999999999,0.6583333333333333,11,36.72,0,0,5.5,4.0,6.0
AF-E91D4B70F7,Comprador de servicios,1,45-54,Hombre,Abonado,5.0,Otras,292,8.099545454545455,0.48672566371681414,9,150.32,0,0,5.75,3.25,6.5
AF-F1AE71CD27,Seguidor social,2,25-34,Hombre,Abonado,1.0,Pontevedra,292,6.984545454545454,0.5432098765432098,3,0.0,2,34,5.0,3.5,3.5
AF-B3125BD73A,Comprador de servicios,1,25-34,Hombre,Socio digital,8.0,Asturias,437,8.891818181818183,0.6896551724137931,8,50.88,2,72,4.75,3.75,5.0
AF-BA6218848A,Hincha digital intensivo,3,18-24,Mujer,Socio digital,9.0,Lugo,419,9.208636363636364,0.7064220183486238,5,252.29000000000002,2,261,4.75,5.0,4.0
AF-E51BBBA74D,Aficionado latente,0,25-34,Hombre,No socio,7.0,Otras,16,1.3270454545454546,0.07407407407407407,0,0.0,3,45,4.25,3.25,1.0
AF-8E007AC831,Comprador de servicios,1,25-34,Hombre,No socio,7.0,A Coruña,274,8.877727272727272,0.5596330275229358,6,58.9,2,53,5.5,5.75,4.0
AF-7C70190008,Seguidor social,2,55+,Mujer,No socio,7.0,Otras,104,4.604772727272727,0.3065326633165829,2,103.55,2,67,5.0,4.75,4.5
AF-9E92A11AE0,Seguidor social,2,55+,Hombre,No socio,1.0,A Coruña,160,5.770227272727273,0.386046511627907,3,39.650000000000006,3,165,4.75,5.75,4.5
AF-7F077038DA,Hincha digital intensivo,3,25-34,Hombre,Abonado,15.0,Madrid,265,7.53590909090909,0.5344129554655871,9,4.27,5,477,4.75,5.0,4.5
AF-F8B3798CFF,Hincha digital intensivo,3,18-24,Hombre,Socio digital,6.0,A Coruña,326,8.895454545454545,0.6227272727272727,5,118.23,3,157,5.25,5.5,6.0
AF-B17A0635D6,Aficionado latente,0,55+,Hombre,No socio,3.0,Lugo,20,1.5002272727272727,0.055,0,0.0,2,11,5.0,2.75,3.0
AF-F06C58B2ED,Seguidor social,2,55+,Hombre,No socio,1.0,A Coruña,151,5.918181818181818,0.35585585585585583,5,72.73,4,58,4.0,2.5,3.0
AF-5EA0C192C0,Comprador de servicios,1,55+,Hombre,Abonado,7.0,Pontevedra,378,9.170681818181817,0.5868544600938967,8,83.08,2,41,6.0,4.25,4.5
AF-A8BA719393,Comprador de servicios,1,25-34,Mujer,Abonado,5.0,A Coruña,449,10.288863636363637,0.6995515695067265,5,104.01,3,57,4.75,3.5,6.0
AF-25AC913C63,Seguidor social,2,18-24,Hombre,Socio digital,1.0,A Coruña,164,4.453181818181818,0.34615384615384615,7,34.22,1,23,5.25,3.75,4.5
AF-3B299DF653,Hincha digital intensivo,3,35-44,Mujer,Socio digital,12.0,Pontevedra,414,12.869545454545454,0.6476683937823834,8,20.63,3,183,6.0,4.75,4.0
AF-FE4ED3A507,Seguidor social,2,45-54,Hombre,Abonado,4.0,Lugo,70,4.411818181818182,0.29901960784313725,1,47.4,2,39,5.75,3.25,1.5
AF-E304D4E58A,Seguidor social,2,45-54,Hombre,Socio digital,7.0,A Coruña,59,3.0029545454545454,0.20812182741116753,0,0.0,3,97,6.25,5.25,4.0
AF-A6B472DC62,Aficionado latente,0,45-54,Hombre,Socio digital,13.0,Lugo,12,0.8899999999999999,0.05128205128205128,0,0.0,1,10,3.5,2.75,3.5
AF-DCE9CF55E3,Aficionado latente,0,25-34,Hombre,No socio,6.0,Asturias,56,3.7547727272727274,0.25654450261780104,0,43.62,2,11,4.0,4.0,4.0
AF-BE254D0C5C,Hincha digital intensivo,3,45-54,Hombre,Socio digital,7.0,Ourense,375,9.275454545454545,0.6347826086956522,7,29.6,3,325,5.5,5.75,4.5
AF-B45736132B,Hincha digital intensivo,3,25-34,Hombre,Abonado,11.0,Barcelona,271,7.88840909090909,0.5186915887850467,3,6.5,4,377,5.25,5.75,5.5
AF-EB834A9CC6,Hincha digital intensivo,3,25-34,Hombre,Socio digital,4.0,Otras,272,8.35909090909091,0.45410628019323673,10,145.58,4,178,5.75,6.0,5.0
AF-528946D5C2,Seguidor social,2,25-34,Hombre,No socio,2.0,Pontevedra,103,4.693409090909091,0.3333333333333333,4,0.0,2,97,4.0,4.0,3.0
AF-313D47FAE8,Aficionado latente,0,45-54,Hombre,Socio digital,10.0,A Coruña,66,3.1806818181818177,0.2019704433497537,3,0.0,3,64,4.0,2.25,4.5
AF-06B85A6B73,Comprador de servicios,1,25-34,Hombre,Abonado,10.0,Otras,346,8.438636363636364,0.5953488372093023,8,0.0,3,109,5.25,4.25,5.0
AF-314BAC5A5F,Aficionado latente,0,55+,Hombre,Abonado,18.0,A Coruña,122,4.691818181818181,0.29130434782608694,3,0.0,1,12,3.5,2.5,3.5
AF-E7F9DD59D3,Seguidor social,2,25-34,Mujer,Socio digital,3.0,Lugo,175,5.824545454545455,0.3495575221238938,3,24.380000000000003,4,102,5.75,4.25,3.5
AF-B7402D83BE,Aficionado latente,0,35-44,Hombre,No socio,13.0,A Coruña,6,0.39181818181818184,0.0335195530726257,0,0.0,3,215,4.25,3.5,3.5
AF-0FEF8001D4,Seguidor social,2,45-54,Hombre,No socio,13.0,A Coruña,97,4.294772727272727,0.27699530516431925,2,0.0,4,106,5.5,4.25,4.0
AF-811B34569C,Seguidor social,2,25-34,Hombre,Abonado,1.0,A Coruña,97,4.230227272727273,0.2694063926940639,0,41.85,4,156,4.0,3.0,3.0
AF-6CD6EA2806,Seguidor social,2,55+,Mujer,Abonado,8.0,Ourense,74,3.137272727272727,0.2982456140350877,3,37.17,2,49,5.0,4.75,2.5
AF-C4AED358FF,Seguidor social,2,25-34,Mujer,Socio digital,3.0,Ourense,218,6.372954545454546,0.47085201793721976,3,34.16,2,169,5.75,4.0,4.5
AF-94BFB9A14F,Comprador de servicios,1,45-54,Hombre,No socio,4.0,A Coruña,208,6.834545454545455,0.4009216589861751,6,106.21,2,48,5.0,3.75,4.5
AF-97D3FFD809,Seguidor social,2,45-54,Hombre,No socio,7.0,A Coruña,137,5.145681818181818,0.29545454545454547,1,0.0,3,45,4.5,3.5,5.5
AF-67199B8249,Seguidor social,2,25-34,Hombre,Abonado,11.0,Madrid,110,4.742727272727273,0.28272251308900526,4,0.0,2,63,5.0,5.25,5.5
AF-D60E0395A7,Seguidor social,2,18-24,Mujer,Abonado,4.0,A Coruña,145,4.515227272727272,0.37130801687763715,2,68.53,3,52,5.75,1.5,3.5
AF-9440E8980A,Aficionado latente,0,45-54,Hombre,Abonado,8.0,A Coruña,29,1.7131818181818181,0.08982035928143713,1,0.0,2,68,4.5,3.75,4.0
AF-4A902DE8AB,Comprador de servicios,1,35-44,Mujer,Abonado,17.0,Lugo,325,7.019090909090909,0.6071428571428571,7,20.66,3,91,4.25,3.75,5.5
AF-0FDA4033C8,Hincha digital intensivo,3,18-24,Hombre,No socio,5.0,Lugo,118,6.025454545454545,0.3076923076923077,4,178.82,4,167,6.0,4.25,5.0
AF-B6A480694B,Aficionado latente,0,45-54,Hombre,No socio,9.0,Ourense,106,4.651590909090909,0.20454545454545456,1,0.0,2,36,3.5,3.0,4.5
AF-BEF8E6C02E,Comprador de servicios,1,35-44,Mujer,Socio digital,6.0,Madrid,331,9.988863636363636,0.6171171171171171,5,10.14,1,24,5.5,3.0,3.5
AF-D6874836A0,Seguidor social,2,25-34,Hombre,Abonado,11.0,A Coruña,76,3.973181818181818,0.21578947368421053,0,0.0,3,105,4.5,3.5,3.5
AF-E1E0CC4964,Aficionado latente,0,25-34,Hombre,No socio,5.0,Pontevedra,6,0.6770454545454545,0.03225806451612903,0,0.0,2,49,4.25,3.25,4.0
AF-AC748947E0,Aficionado latente,0,45-54,Mujer,Abonado,5.0,Lugo,4,0.3797727272727273,0.022727272727272728,0,0.0,1,2,5.0,2.25,3.5
AF-41C7FA0A20,Seguidor social,2,25-34,Hombre,No socio,12.0,A Coruña,129,5.448636363636364,0.3285024154589372,1,0.0,2,49,4.25,4.75,3.5
AF-F42F27000D,Hincha digital intensivo,3,55+,Hombre,Socio digital,13.0,Otras,272,7.486818181818182,0.5329949238578681,9,57.8,3,175,5.75,4.75,4.0
AF-73F2EAC649,Hincha digital intensivo,3,25-34,Hombre,Socio digital,5.0,A Coruña,332,8.853409090909091,0.5540540540540541,5,8.36,3,272,5.25,4.75,3.5
AF-5503C9A8B6,Aficionado latente,0,55+,Mujer,Socio digital,12.0,Pontevedra,111,5.267272727272727,0.3073170731707317,4,0.0,3,25,3.5,2.5,3.0
AF-18E8F708B2,Hincha digital intensivo,3,45-54,Mujer,Abonado,1.0,A Coruña,320,9.120681818181819,0.5980392156862745,13,77.53999999999999,4,123,5.25,4.0,5.5
AF-9B339FE3D7,Aficionado latente,0,45-54,Mujer,No socio,9.0,Asturias,142,6.035454545454545,0.2925764192139738,2,0.0,1,7,4.25,3.5,4.0
AF-FA61232878,Comprador de servicios,1,35-44,Hombre,No socio,7.0,A Coruña,334,7.930681818181818,0.5845410628019324,7,97.41999999999999,1,3,5.25,6.0,5.0
AF-344FFC8646,Seguidor social,2,35-44,Hombre,Socio digital,7.0,Otras,96,4.608181818181818,0.25116279069767444,1,0.0,2,124,4.5,3.75,3.5
AF-1A078F03DE,Hincha digital intensivo,3,25-34,Hombre,Socio digital,10.0,Otras,266,7.085,0.4292929292929293,1,37.66,3,145,5.5,5.25,5.0
AF-BFE4BEF742,Comprador de servicios,1,25-34,Hombre,Abonado,14.0,A Coruña,375,8.519090909090908,0.6180904522613065,5,110.21,2,55,3.5,4.25,5.5
AF-BEE709EF3C,Seguidor social,2,45-54,Hombre,No socio,10.0,A Coruña,53,3.0974999999999997,0.23333333333333334,0,37.8,3,133,4.0,4.0,3.5
AF-210A4263F3,Seguidor social,2,45-54,Mujer,No socio,5.0,A Coruña,127,5.168636363636364,0.324468085106383,2,35.89,3,90,3.75,4.5,3.0
AF-8264AFF768,Hincha digital intensivo,3,35-44,Hombre,Socio digital,6.0,Madrid,308,8.1075,0.5605381165919282,5,97.98,4,181,5.5,4.25,2.5
AF-56F4273020,Aficionado latente,0,18-24,Hombre,Abonado,6.0,Barcelona,7,0.5697727272727273,0.046875,0,26.04,1,20,3.5,2.75,3.5
AF-68C90610D5,Comprador de servicios,1,35-44,Mujer,Socio digital,2.0,Lugo,380,8.914772727272727,0.588495575221239,8,0.0,3,59,4.5,3.75,4.0
AF-F5AF38DE4D,Comprador de servicios,1,45-54,Hombre,No socio,1.0,A Coruña,395,8.890681818181818,0.5781990521327014,10,70.78,2,34,6.25,5.5,5.5
AF-E54814A591,Comprador de servicios,1,25-34,Hombre,Socio digital,3.0,A Coruña,293,9.086136363636363,0.4954545454545455,5,0.0,3,58,4.75,3.0,5.5
AF-9DCE1913BB,Seguidor social,2,55+,Hombre,No socio,6.0,Asturias,99,5.044772727272727,0.32,3,0.0,2,39,4.0,3.5,4.0
AF-5BAC285A91,Comprador de servicios,1,55+,Hombre,Socio digital,11.0,Barcelona,424,7.630454545454546,0.6543778801843319,9,90.57,3,77,4.75,5.5,5.0
AF-7D3DDDC97E,Aficionado latente,0,55+,Hombre,No socio,5.0,A Coruña,107,5.705227272727273,0.2644230769230769,2,0.0,2,19,4.25,2.5,3.0
AF-5A7247B06E,Aficionado latente,0,45-54,Hombre,Abonado,8.0,A Coruña,10,0.9545454545454546,0.0663265306122449,0,0.0,2,31,4.0,4.75,5.0
AF-C38A9A8284,Seguidor social,2,45-54,Mujer,No socio,19.0,A Coruña,103,4.509318181818181,0.2898550724637681,1,28.59,1,84,3.75,5.5,4.0
AF-76BBA056AB,Comprador de servicios,1,45-54,Hombre,Abonado,1.0,Pontevedra,300,6.437045454545455,0.547945205479452,10,61.78,2,89,4.5,4.0,5.0
AF-D26D1F6C4C,Comprador de servicios,1,35-44,Hombre,Socio digital,9.0,Madrid,415,11.511363636363637,0.7053571428571429,13,72.09,3,51,4.25,3.25,6.5
AF-F111EFA00C,Comprador de servicios,1,55+,Hombre,Abonado,3.0,A Coruña,360,8.312045454545455,0.6431372549019608,8,49.28,2,21,6.25,3.75,7.0
AF-E810EC3CBE,Seguidor social,2,25-34,Mujer,Socio digital,9.0,Ourense,170,5.5775,0.34234234234234234,4,69.25999999999999,3,85,3.25,5.0,2.0
AF-508613CFE6,Seguidor social,2,45-54,Hombre,No socio,5.0,Lugo,88,4.961590909090909,0.22580645161290322,1,0.0,3,36,4.25,3.5,4.0
AF-E4E53CE38A,Seguidor social,2,25-34,Hombre,Abonado,4.0,Pontevedra,159,6.406136363636364,0.3879310344827586,2,38.81999999999999,2,140,4.75,3.25,5.0
AF-767FCA3290,Aficionado latente,0,45-54,Mujer,No socio,5.0,Pontevedra,8,0.3465909090909091,0.049723756906077346,0,0.0,2,22,3.25,2.0,4.5
AF-BDFAA47536,Comprador de servicios,1,35-44,Hombre,No socio,1.0,Asturias,302,6.942045454545454,0.5211267605633803,4,0.0,2,35,5.75,3.75,3.5
AF-09BA2BDDC8,Seguidor social,2,45-54,Mujer,No socio,6.0,Pontevedra,121,5.214772727272727,0.32338308457711445,1,68.66,2,10,5.0,3.75,2.5
AF-EE8EE096FF,Aficionado latente,0,55+,Hombre,No socio,8.0,Ourense,95,4.48590909090909,0.24669603524229075,1,0.0,2,36,4.25,2.0,3.0
AF-FBF5B7FB5B,Comprador de servicios,1,18-24,Hombre,No socio,2.0,Pontevedra,214,5.956136363636364,0.4649122807017544,7,63.07,2,112,6.5,2.75,2.5
AF-CF6B499188,Seguidor social,2,45-54,Hombre,No socio,2.0,Pontevedra,106,5.143863636363637,0.22784810126582278,3,0.0,2,57,3.75,6.5,3.5
AF-752BBBE3E8,Seguidor social,2,55+,Mujer,No socio,10.0,Pontevedra,100,4.622272727272727,0.25327510917030566,2,57.93,2,34,4.0,3.75,4.0
AF-1E7698366F,Aficionado latente,0,35-44,Hombre,No socio,6.0,Otras,9,0.48386363636363633,0.029239766081871343,0,0.0,1,15,3.75,1.5,1.5
AF-DC3A86274E,Comprador de servicios,1,45-54,Hombre,Abonado,9.0,Pontevedra,373,9.700454545454546,0.6142857142857143,5,0.0,1,39,4.75,3.75,4.5
AF-E6C403B3D1,Seguidor social,2,18-24,Hombre,No socio,11.0,Asturias,135,5.047954545454545,0.3598130841121495,2,0.0,2,76,4.0,3.0,4.5
AF-C950718288,Seguidor social,2,18-24,Hombre,Abonado,7.0,A Coruña,127,5.091818181818182,0.2694063926940639,4,17.72,2,9,3.5,4.5,4.0
AF-78F509EE80,Comprador de servicios,1,25-34,Mujer,Abonado,22.0,A Coruña,324,8.817045454545454,0.5045871559633027,9,0.0,3,71,5.5,4.25,6.5
AF-08AE35D132,Seguidor social,2,45-54,Hombre,Abonado,2.0,A Coruña,201,6.445454545454546,0.38396624472573837,6,0.0,2,95,5.25,3.75,4.0
AF-333B9067DB,Seguidor social,2,45-54,Hombre,No socio,23.0,A Coruña,185,5.685227272727273,0.4444444444444444,3,3.14,1,15,4.5,4.75,3.5
AF-579F310140,Hincha digital intensivo,3,18-24,Mujer,No socio,7.0,A Coruña,419,10.524318181818181,0.6132075471698113,9,19.46,2,200,5.75,6.25,5.5
AF-6659B1026E,Seguidor social,2,35-44,Hombre,Socio digital,11.0,Barcelona,62,3.559772727272727,0.19665271966527198,0,17.26,2,69,4.75,5.5,3.5
AF-53D9381CF3,Aficionado latente,0,35-44,Hombre,No socio,6.0,Ourense,64,4.046590909090909,0.233502538071066,1,0.0,0,0,4.25,2.25,4.0
AF-CE7F276EB8,Comprador de servicios,1,45-54,Hombre,Abonado,12.0,Lugo,290,8.762272727272729,0.5529953917050692,7,71.49000000000001,1,50,5.5,4.25,6.0
AF-956EFE21E3,Hincha digital intensivo,3,25-34,Mujer,Abonado,7.0,A Coruña,310,9.879772727272726,0.5511111111111111,7,0.0,4,214,5.25,6.25,3.0
AF-00FA2D2BC6,Seguidor social,2,45-54,Hombre,Abonado,5.0,Lugo,139,5.026136363636364,0.325,2,0.0,3,174,5.5,5.0,4.0
AF-A1CFD4FB2C,Seguidor social,2,35-44,Hombre,No socio,7.0,A Coruña,263,6.323409090909092,0.45161290322580644,5,39.41,2,95,5.75,5.5,3.5
AF-33757C42FE,Hincha digital intensivo,3,25-34,Hombre,No socio,4.0,A Coruña,296,7.692954545454546,0.5432692307692307,6,69.11,4,293,5.0,5.25,5.5
AF-69FE6522DF,Comprador de servicios,1,35-44,Hombre,Abonado,2.0,Madrid,320,7.215681818181818,0.5381165919282511,6,13.04,1,15,5.0,3.5,5.5
AF-6589720021,Seguidor social,2,45-54,Hombre,No socio,5.0,A Coruña,143,5.073409090909091,0.36792452830188677,5,36.66,3,104,3.25,3.75,3.5
AF-39E8D4984E,Hincha digital intensivo,3,25-34,Hombre,Abonado,3.0,Ourense,376,8.141818181818183,0.6167400881057269,6,0.0,3,189,5.75,5.0,4.5
AF-A3CF75FE5F,Seguidor social,2,45-54,Mujer,Abonado,3.0,Barcelona,86,4.701136363636364,0.24774774774774774,0,0.0,2,132,5.0,5.5,4.5
AF-3650CA33C1,Comprador de servicios,1,45-54,Hombre,Socio digital,21.0,A Coruña,367,9.400681818181818,0.62,9,34.65,2,60,5.5,3.75,6.0
AF-D4E8FBC71F,Seguidor social,2,35-44,Hombre,No socio,13.0,A Coruña,84,4.122045454545455,0.2775330396475771,1,0.0,2,115,4.75,4.5,4.0
AF-1ADD769D07,Aficionado latente,0,35-44,Mujer,No socio,8.0,Pontevedra,91,4.883636363636364,0.273972602739726,2,63.17,1,16,3.0,3.25,3.0
AF-5C7EC9EFC8,Hincha digital intensivo,3,25-34,Hombre,Socio digital,8.0,A Coruña,354,8.335227272727273,0.545045045045045,4,44.68,3,293,4.75,4.75,4.5
AF-7517792768,Hincha digital intensivo,3,35-44,Hombre,Abonado,4.0,A Coruña,317,8.908181818181818,0.6086956521739131,9,156.88,5,336,6.5,5.0,7.0
AF-3F4CB2F03C,Hincha digital intensivo,3,25-34,Hombre,Socio digital,1.0,Ourense,283,8.419772727272727,0.5607476635514018,4,9.06,3,162,6.25,6.25,4.0
AF-E14DC17E78,Comprador de servicios,1,35-44,Hombre,Abonado,8.0,A Coruña,418,7.944090909090909,0.6280193236714976,13,18.12,4,162,4.0,3.25,6.5
AF-7F70E967E7,Aficionado latente,0,18-24,Mujer,Socio digital,6.0,A Coruña,6,0.4763636363636364,0.015625,0,0.0,2,22,4.25,3.25,2.0
AF-FAC61A9EE0,Seguidor social,2,55+,Hombre,Abonado,1.0,A Coruña,165,5.8104545454545455,0.40444444444444444,4,0.0,4,118,4.5,3.75,3.0
AF-F0FDF79CFE,Seguidor social,2,55+,Hombre,Socio digital,7.0,A Coruña,135,5.195,0.3163265306122449,2,54.949999999999996,1,53,4.75,4.5,5.5
AF-063B0A5E2C,Aficionado latente,0,45-54,Hombre,No socio,1.0,A Coruña,72,4.225909090909091,0.215311004784689,3,0.0,2,21,3.25,2.25,2.5
AF-A9542529D0,Seguidor social,2,18-24,Mujer,No socio,22.0,Otras,41,2.9443181818181823,0.13297872340425532,2,0.0,4,285,4.75,4.5,3.0
AF-7A21AEF599,Seguidor social,2,18-24,Hombre,No socio,2.0,Lugo,161,4.5475,0.3672566371681416,3,14.28,3,39,2.75,3.5,4.0
AF-977879AE34,Aficionado latente,0,18-24,Mujer,No socio,4.0,A Coruña,51,2.513863636363636,0.1477832512315271,0,0.0,3,40,3.75,3.5,3.0
AF-80579ABDDC,Seguidor social,2,35-44,Hombre,No socio,9.0,Pontevedra,116,4.738409090909091,0.28431372549019607,0,0.0,2,37,5.25,4.25,3.0
AF-1CF8D4F535,Seguidor social,2,25-34,Hombre,Socio digital,6.0,A Coruña,112,4.32,0.36401673640167365,3,0.0,4,68,4.5,5.0,3.0
AF-742A555781,Seguidor social,2,55+,Hombre,Abonado,8.0,A Coruña,74,3.444545454545455,0.2242152466367713,0,0.0,2,76,5.25,4.0,4.0
AF-2256C2ABFF,Hincha digital intensivo,3,25-34,Hombre,No socio,6.0,A Coruña,351,8.532954545454546,0.6052631578947368,9,125.07,3,278,4.75,4.75,5.5
AF-691ED90E9D,Seguidor social,2,18-24,Hombre,Abonado,13.0,A Coruña,83,3.8415909090909093,0.25925925925925924,4,0.0,3,109,4.0,5.0,2.5
AF-22BA54B7D7,Aficionado latente,0,45-54,Mujer,No socio,1.0,Madrid,76,4.004545454545454,0.17616580310880828,2,0.0,0,0,4.0,3.75,4.0
AF-2D0C7858B3,Aficionado latente,0,35-44,Hombre,Socio digital,8.0,Barcelona,9,0.6463636363636364,0.04145077720207254,0,0.0,3,30,5.0,2.75,2.0
AF-C76051026A,Seguidor social,2,45-54,Mujer,No socio,4.0,Lugo,81,4.603863636363636,0.23404255319148937,3,0.0,2,53,2.75,5.0,5.5
AF-DA76A4ED37,Comprador de servicios,1,25-34,Mujer,Socio digital,12.0,Barcelona,338,7.563863636363636,0.5233644859813084,6,0.0,1,28,4.5,3.0,6.5
AF-DB4A0EB5D7,Seguidor social,2,45-54,Hombre,No socio,2.0,Madrid,103,4.198181818181818,0.2680851063829787,0,0.0,3,78,3.75,4.0,3.0
AF-5FCB5267D7,Seguidor social,2,55+,Hombre,No socio,5.0,A Coruña,114,5.962045454545454,0.2798165137614679,1,0.0,2,26,4.5,3.75,6.0
AF-CFFE1972FB,Comprador de servicios,1,35-44,Hombre,No socio,13.0,Pontevedra,226,7.196363636363636,0.4493927125506073,5,90.1,0,0,4.25,4.0,4.0
AF-D4888DA03A,Seguidor social,2,45-54,Hombre,No socio,18.0,Lugo,90,3.9895454545454543,0.25,0,14.82,3,83,4.0,3.75,4.5
AF-E3B262C636,Seguidor social,2,45-54,Hombre,No socio,1.0,Otras,80,4.968863636363636,0.2636363636363636,2,0.0,2,103,5.0,3.75,4.0
AF-B1E9529394,Aficionado latente,0,25-34,Hombre,Abonado,2.0,Madrid,81,4.026818181818182,0.24615384615384617,3,0.0,2,23,3.75,2.25,3.5
AF-388E6F4188,Hincha digital intensivo,3,18-24,Mujer,Socio digital,12.0,Otras,311,9.489318181818183,0.494949494949495,3,122.50999999999999,5,420,5.0,6.25,3.0
AF-51C31238CB,Aficionado latente,0,55+,Mujer,No socio,3.0,A Coruña,44,2.0386363636363636,0.1318181818181818,1,0.0,2,43,3.75,3.5,4.0
AF-CB6DAEA47C,Aficionado latente,0,18-24,Hombre,Socio digital,5.0,Pontevedra,73,3.5854545454545454,0.1989795918367347,5,0.0,3,37,3.5,2.25,3.5
AF-50BC47A6C5,Comprador de servicios,1,55+,Hombre,Socio digital,9.0,Madrid,360,9.423636363636364,0.6141078838174274,3,17.83,1,2,4.75,2.5,6.0
AF-567C070403,Aficionado latente,0,45-54,Hombre,Socio digital,2.0,A Coruña,8,0.6806818181818182,0.05913978494623656,1,0.0,3,19,4.25,2.5,4.0
AF-86B8ED5BC8,Aficionado latente,0,25-34,Hombre,Socio digital,10.0,A Coruña,5,0.5925,0.020512820512820513,0,0.0,1,17,5.0,1.5,3.5
AF-176304C7EC,Comprador de servicios,1,45-54,Hombre,No socio,12.0,A Coruña,312,7.282045454545454,0.6008064516129032,4,45.11,1,21,5.25,2.75,4.0
AF-1F0102AF9E,Seguidor social,2,55+,Hombre,No socio,13.0,Asturias,194,5.471590909090909,0.3789954337899543,3,26.78,2,51,3.75,5.0,3.5
AF-B367780174,Seguidor social,2,18-24,Hombre,Socio digital,3.0,Asturias,75,3.6454545454545455,0.2,4,15.34,4,99,4.5,4.25,3.5
AF-F2BC9C6A4A,Seguidor social,2,35-44,Hombre,Abonado,3.0,A Coruña,118,4.802045454545454,0.27,4,0.0,2,89,2.75,4.25,2.0
AF-13AA254FED,Seguidor social,2,25-34,Hombre,Abonado,5.0,Otras,76,4.391136363636364,0.23671497584541062,0,0.0,2,106,3.75,4.5,4.0
AF-9924F174D9,Aficionado latente,0,55+,Hombre,No socio,9.0,A Coruña,6,0.6331818181818182,0.023952095808383235,0,0.0,3,68,4.25,1.75,2.0
AF-E17825CED2,Aficionado latente,0,25-34,Hombre,Abonado,13.0,A Coruña,56,2.403181818181818,0.18407960199004975,2,0.0,2,37,5.0,3.75,5.0
AF-0931741F2F,Seguidor social,2,25-34,Hombre,Abonado,10.0,A Coruña,116,4.988409090909091,0.29777777777777775,0,0.0,4,84,4.5,3.0,3.0
AF-DE402FBFD6,Aficionado latente,0,35-44,Hombre,Socio digital,7.0,A Coruña,36,2.122727272727273,0.1330049261083744,1,0.0,2,20,4.0,2.5,4.0
AF-00FE5CFD46,Aficionado latente,0,55+,Mujer,No socio,21.0,A Coruña,71,3.8720454545454546,0.21634615384615385,0,4.39,1,3,4.0,4.0,3.5
AF-674B505C84,Aficionado latente,0,45-54,Hombre,No socio,4.0,Madrid,17,1.0820454545454545,0.044444444444444446,0,0.0,1,4,3.75,3.25,3.0
AF-E157D93074,Hincha digital intensivo,3,35-44,Hombre,Socio digital,14.0,Pontevedra,282,7.861363636363635,0.5454545454545454,2,187.51,3,105,5.25,5.75,5.0
AF-5E2D55D347,Seguidor social,2,35-44,Hombre,Abonado,8.0,Lugo,55,3.252272727272727,0.13302752293577982,1,0.0,2,59,5.75,4.75,2.0
AF-F43DBABDC9,Seguidor social,2,18-24,Mujer,Abonado,18.0,A Coruña,175,5.97340909090909,0.3930131004366812,3,0.0,2,60,3.5,5.0,1.5
AF-A53B452B11,Seguidor social,2,25-34,Hombre,No socio,7.0,Lugo,236,7.232727272727273,0.46153846153846156,4,114.97,2,91,5.0,5.0,3.0
AF-D3A901A139,Comprador de servicios,1,25-34,Hombre,Abonado,12.0,A Coruña,424,9.787272727272727,0.6334661354581673,6,42.08,2,74,4.75,3.5,5.5
AF-4786E9AFE4,Comprador de servicios,1,55+,Mujer,Abonado,3.0,A Coruña,370,8.241136363636365,0.6,5,50.43,1,6,4.5,4.5,6.0
AF-B73B717D4A,Seguidor social,2,25-34,Hombre,No socio,5.0,A Coruña,87,4.515681818181818,0.28773584905660377,0,0.0,2,68,5.0,3.75,5.0
AF-861F059B5E,Seguidor social,2,55+,Mujer,No socio,5.0,A Coruña,80,2.9797727272727275,0.23529411764705882,2,56.13,3,35,4.5,3.25,2.0
AF-B4875A483E,Hincha digital intensivo,3,55+,Hombre,Abonado,10.0,A Coruña,289,7.273409090909092,0.5927601809954751,6,0.0,3,161,5.25,4.5,6.0
AF-5495BF12B4,Seguidor social,2,25-34,Hombre,No socio,12.0,Pontevedra,84,4.38909090909091,0.2565217391304348,5,0.0,2,91,4.5,4.25,2.5
AF-B0F438B681,Seguidor social,2,35-44,Hombre,No socio,4.0,Pontevedra,98,4.486818181818182,0.29949238578680204,2,0.0,2,30,4.5,4.5,4.5
AF-FB1D6759B9,Hincha digital intensivo,3,35-44,Mujer,No socio,1.0,Pontevedra,392,10.279545454545454,0.6666666666666666,5,159.06,3,173,5.0,4.5,4.5
AF-0E7B8E023C,Comprador de servicios,1,45-54,Mujer,Abonado,18.0,A Coruña,420,9.44,0.6666666666666666,7,130.86,2,48,5.75,4.5,5.0
AF-72DEA88881,Aficionado latente,0,35-44,Mujer,Abonado,4.0,Pontevedra,59,3.1763636363636363,0.19444444444444445,1,0.0,2,36,3.5,2.75,3.5
AF-4BC871B236,Aficionado latente,0,35-44,Mujer,Abonado,15.0,Pontevedra,88,3.5388636363636365,0.2926829268292683,1,0.0,1,21,3.5,3.5,4.0
AF-AFE492EFA8,Hincha digital intensivo,3,35-44,Hombre,Abonado,8.0,Pontevedra,207,7.027045454545455,0.41304347826086957,7,29.31,3,399,4.5,4.5,4.5
AF-D68A3F1010,Aficionado latente,0,25-34,Hombre,No socio,10.0,Pontevedra,77,3.7713636363636365,0.2641509433962264,1,0.0,1,6,3.75,1.5,4.5
AF-900F1AAC08,Aficionado latente,0,25-34,Mujer,No socio,13.0,Pontevedra,33,2.2113636363636364,0.14146341463414633,1,0.0,1,23,3.5,3.5,4.5
AF-97C0977F8F,Seguidor social,2,45-54,Hombre,No socio,12.0,A Coruña,125,5.576136363636364,0.3206751054852321,3,0.0,2,24,3.75,5.0,3.5
AF-AEB9C00739,Comprador de servicios,1,18-24,Hombre,No socio,1.0,Pontevedra,261,7.589545454545455,0.47555555555555556,9,14.73,1,32,4.5,5.25,3.0
AF-2AC349106C,Comprador de servicios,1,35-44,Hombre,Abonado,9.0,A Coruña,287,7.571136363636364,0.5235849056603774,4,137.72,3,112,5.75,2.75,4.0
AF-3AF0E48B90,Hincha digital intensivo,3,18-24,Hombre,Abonado,7.0,Madrid,333,9.202727272727273,0.6292682926829268,4,118.24,2,93,6.25,5.75,5.0
AF-C06997C531,Aficionado latente,0,25-34,Hombre,No socio,11.0,A Coruña,26,1.534318181818182,0.06796116504854369,0,0.0,0,0,3.75,3.25,2.5
AF-CA66B53950,Hincha digital intensivo,3,18-24,Hombre,Socio digital,12.0,A Coruña,245,6.778181818181818,0.4247787610619469,7,50.03,3,338,4.25,6.0,2.0
AF-AE02C2287C,Seguidor social,2,45-54,Hombre,No socio,1.0,A Coruña,153,5.639318181818182,0.34134615384615385,1,17.43,2,58,4.75,4.25,2.0
AF-D274A3FBF1,Comprador de servicios,1,35-44,Hombre,Abonado,8.0,Pontevedra,434,10.599545454545455,0.7302325581395349,11,83.92999999999999,3,88,4.5,3.5,6.5
AF-FC5F6D22B8,Comprador de servicios,1,45-54,Hombre,No socio,5.0,Madrid,212,7.268636363636364,0.3961352657004831,1,194.7,1,25,5.5,5.25,4.0
AF-17229F8639,Comprador de servicios,1,55+,Hombre,Abonado,2.0,A Coruña,390,8.936363636363636,0.5535714285714286,6,118.66999999999999,2,105,5.0,3.25,6.0
AF-28ABDB39A6,Hincha digital intensivo,3,35-44,Hombre,Abonado,6.0,A Coruña,346,9.192727272727273,0.6175115207373272,7,62.2,3,143,5.0,3.75,4.0
AF-4A63AFC2B0,Comprador de servicios,1,35-44,Mujer,Abonado,8.0,A Coruña,330,7.528181818181818,0.6043478260869565,4,183.22,2,22,6.0,3.0,4.5
AF-2F95F1C24B,Hincha digital intensivo,3,25-34,Mujer,Socio digital,4.0,A Coruña,377,7.813181818181818,0.5892857142857143,10,42.69,3,226,5.5,6.25,6.5
AF-9E21B67652,Seguidor social,2,35-44,Mujer,No socio,6.0,Pontevedra,111,5.780681818181818,0.24630541871921183,2,0.0,2,94,4.75,5.0,4.0
AF-3120763946,Aficionado latente,0,45-54,Mujer,Abonado,3.0,A Coruña,48,3.4545454545454546,0.18143459915611815,1,0.0,1,13,3.75,2.5,4.0
AF-4EF66EABD0,Comprador de servicios,1,25-34,Mujer,No socio,14.0,Ourense,359,7.903863636363636,0.5876777251184834,11,7.51,2,12,4.75,2.75,6.0
AF-0DFE1A6CDC,Aficionado latente,0,55+,Hombre,No socio,3.0,A Coruña,125,4.781136363636364,0.2925764192139738,1,0.0,1,22,4.5,2.75,4.0
AF-57809F6A2C,Aficionado latente,0,25-34,Hombre,No socio,2.0,Pontevedra,11,0.9595454545454545,0.05,0,0.0,2,65,4.5,2.75,3.0
AF-84677026B7,Seguidor social,2,18-24,Hombre,Abonado,10.0,Otras,233,6.222045454545454,0.44782608695652176,3,82.72,3,103,3.75,5.5,5.5
AF-E33131BB8B,Aficionado latente,0,18-24,Hombre,Abonado,11.0,Pontevedra,9,0.6495454545454545,0.04568527918781726,0,0.0,1,3,3.5,2.5,3.5
AF-F3C8510AA6,Aficionado latente,0,25-34,Hombre,No socio,6.0,Barcelona,7,0.4754545454545455,0.04736842105263158,0,0.0,1,15,4.75,3.25,4.5
AF-00518C1731,Comprador de servicios,1,45-54,Mujer,Abonado,9.0,A Coruña,370,8.094090909090909,0.6844660194174758,8,102.13000000000001,1,15,4.25,3.75,5.0
AF-DD73ADE7FD,Aficionado latente,0,35-44,Mujer,No socio,5.0,Otras,98,4.377954545454545,0.24766355140186916,3,0.0,1,8,3.75,4.25,2.0
AF-D9B48CFA7C,Hincha digital intensivo,3,35-44,Hombre,Socio digital,12.0,A Coruña,239,6.9736363636363645,0.502283105022831,5,13.42,4,357,6.75,6.0,4.5
AF-C0BC49E0DD,Aficionado latente,0,35-44,Hombre,Abonado,13.0,Pontevedra,34,2.5425,0.12568306010928962,0,0.0,0,0,4.25,1.75,3.5
AF-58A3704A4C,Hincha digital intensivo,3,35-44,Hombre,Socio digital,14.0,Madrid,329,8.998863636363636,0.49238578680203043,8,66.92,3,103,5.25,5.0,4.0
AF-5E3EAD4383,Seguidor social,2,45-54,Hombre,Abonado,3.0,Pontevedra,73,4.261590909090909,0.23963133640552994,2,0.0,2,155,3.75,4.5,5.0
AF-C43A2C0728,Hincha digital intensivo,3,55+,Hombre,Socio digital,15.0,A Coruña,276,7.742045454545454,0.4590909090909091,4,62.86,3,59,5.5,5.75,5.5
AF-209893DA06,Seguidor social,2,45-54,Mujer,Socio digital,4.0,Ourense,83,4.150681818181818,0.24644549763033174,3,15.33,1,36,4.75,4.75,3.5
AF-7F94C3FD21,Hincha digital intensivo,3,45-54,Mujer,Socio digital,22.0,Lugo,259,6.028181818181818,0.4236453201970443,2,37.3,3,240,4.25,5.25,4.0
AF-27842FC71B,Seguidor social,2,35-44,Hombre,Socio digital,8.0,A Coruña,137,6.239090909090908,0.3033175355450237,2,23.740000000000002,1,65,4.25,3.0,5.0
AF-DAA504E9E4,Aficionado latente,0,55+,Hombre,No socio,15.0,A Coruña,37,2.9231818181818183,0.10294117647058823,0,36.98,1,40,4.25,3.75,2.5
AF-5A65CCA561,Aficionado latente,0,18-24,Mujer,Socio digital,6.0,Madrid,47,3.4122727272727276,0.1497584541062802,1,0.0,0,0,4.5,3.0,2.0
AF-F7B9C37CE4,Comprador de servicios,1,35-44,Hombre,Abonado,5.0,A Coruña,306,6.132045454545454,0.6090909090909091,7,140.73,2,52,5.25,4.75,5.5
AF-8519E2EC4B,Comprador de servicios,1,35-44,Hombre,Abonado,9.0,Pontevedra,403,8.8025,0.6284403669724771,6,102.68,2,67,6.0,2.75,5.0
AF-F09419F9A4,Seguidor social,2,45-54,Hombre,Abonado,25.0,A Coruña,99,4.421363636363636,0.21153846153846154,2,109.28,3,103,5.75,4.25,2.0
AF-73A51A19A8,Aficionado latente,0,35-44,Mujer,No socio,2.0,Otras,44,2.234318181818182,0.19047619047619047,1,0.0,1,11,4.25,3.25,4.5
AF-9655F1CE81,Comprador de servicios,1,25-34,Mujer,Abonado,2.0,Ourense,402,9.31909090909091,0.6754385964912281,8,147.17000000000002,1,15,4.25,3.25,4.5
AF-EEA32A92A8,Hincha digital intensivo,3,35-44,Hombre,No socio,1.0,A Coruña,318,8.179545454545455,0.5132743362831859,7,192.84,3,104,5.5,5.75,4.5
AF-0BB1EECB70,Seguidor social,2,25-34,Hombre,No socio,4.0,A Coruña,168,5.361136363636364,0.4043478260869565,4,95.45,3,144,3.75,4.0,4.0
AF-D28FFBDC95,Hincha digital intensivo,3,35-44,Hombre,Abonado,22.0,Barcelona,322,8.68409090909091,0.5188284518828452,5,34.95,3,205,5.25,3.75,5.5
AF-5CE06EC95B,Seguidor social,2,18-24,Hombre,Abonado,6.0,Otras,141,5.058409090909091,0.3112244897959184,3,42.94,3,100,3.25,3.25,3.0
AF-4D054E41A1,Comprador de servicios,1,35-44,Mujer,Abonado,8.0,Pontevedra,357,8.475454545454546,0.589622641509434,10,103.80000000000001,2,32,5.25,3.0,3.0
AF-7B67FE5C6E,Seguidor social,2,18-24,Hombre,Abonado,6.0,Pontevedra,163,6.0852272727272725,0.38288288288288286,3,0.0,4,107,4.75,3.75,5.0
AF-3F4151907A,Aficionado latente,0,25-34,Hombre,Socio digital,9.0,Lugo,62,3.505,0.16113744075829384,3,0.0,3,52,3.0,2.0,4.5
AF-B4F7F766FE,Comprador de servicios,1,45-54,Hombre,No socio,5.0,Asturias,334,8.39159090909091,0.6116071428571429,5,26.77,1,37,5.5,2.5,3.5
AF-973F075E1B,Hincha digital intensivo,3,25-34,Hombre,No socio,7.0,Pontevedra,239,7.680681818181818,0.45454545454545453,4,32.28,4,215,5.25,6.25,4.5
