aficionado_id,vp_1,vp_2,vp_3,vp_4,ewom_1,ewom_2,ewom_3,ewom_4,info_1,info_2
AF-0EDCAE5ACC,5,5,6,5,5,6,5,6,5,6
AF-942B80F7DF,4,4,4,5,5,4,5,4,7,6
AF-58A3704A4C,6,5,6,4,5,6,4,5,4,4
AF-5DA1ADF1E9,6,5,6,4,4,5,3,4,2,1
AF-39AB1EBECF,4,4,4,4,3,3,2,5,6,5
AF-E33131BB8B,4,3,3,4,4,2,2,2,4,3
AF-CB5C4B455C,7,6,6,6,7,4,6,6,6,7
AF-63E9337F52,4,4,4,5,1,3,1,1,3,2
AF-30BA329EAB,5,5,5,3,3,2,3,3,3,4
AF-30BE22DFD7,5,5,5,4,4,3,4,4,4,3
AF-B7DE50E70B,4,6,5,3,4,3,4,2,5,5
AF-DCCE581116,4,5,5,3,4,6,6,4,5,6
AF-67297445DE,5,5,6,3,4,4,5,4,5,5
AF-4168AD29C5,6,5,5,4,4,4,4,3,3,2
AF-4ACB7D54DA,5,6,6,4,3,4,4,4,6,5
AF-4FB4571648,6,3,4,4,6,5,5,5,4,4
AF-F7B9C37CE4,5,5,6,5,5,5,4,5,5,6
AF-D67A3466DB,5,5,6,5,4,5,5,5,2,2
AF-5E2D55D347,6,6,6,5,7,4,4,4,1,3
AF-4102267151,5,6,6,7,5,3,2,3,6,5
AF-5A7247B06E,5,5,3,3,4,5,5,5,6,4
AF-5EA0C192C0,6,6,7,5,5,4,5,3,5,4
AF-93907029AF,4,5,5,5,2,3,4,3,6,6
AF-3769394122,5,6,5,4,3,4,4,4,5,5
AF-A6B472DC62,4,4,3,3,4,2,3,2,4,3
AF-32CBDF5462,7,7,6,7,2,3,3,2,4,3
AF-17D1B3DB60,6,6,5,6,6,5,5,6,7,5
AF-D8F0A475CF,4,6,4,4,5,4,2,3,5,4
AF-4EF66EABD0,4,6,5,4,2,2,4,3,5,7
AF-BDFAA47536,6,6,6,5,2,4,5,4,3,4
AF-2815D39260,2,4,3,5,3,3,4,3,5,5
AF-615A26D23B,4,4,4,4,3,3,4,4,3,3
AF-BABA8E59D9,6,4,5,5,5,4,4,3,3,3
AF-C4F0A7B022,4,5,5,5,3,4,4,4,4,5
AF-E253835673,4,5,5,4,4,1,3,2,5,4
AF-13AA254FED,5,4,4,2,6,3,5,4,4,4
AF-A5E26504A3,3,5,5,5,4,3,3,3,4,4
AF-AC49CE43FC,4,4,4,4,5,4,5,5,5,5
AF-C4AED358FF,5,5,6,7,4,5,3,4,5,4
AF-EA85019ABD,4,4,5,5,2,2,4,2,3,4
AF-0FDA4033C8,6,6,6,6,4,5,4,4,6,4
AF-17BAD2C4FA,4,5,5,5,5,5,6,5,2,3
AF-7211CAF04E,5,5,6,6,5,4,4,5,4,3
AF-AD1ABBB16A,5,4,4,5,7,5,5,5,6,7
AF-9054BE71B0,5,4,5,3,1,2,2,1,3,3
AF-06B85A6B73,6,5,6,4,4,4,4,5,5,5
AF-30342EA8A4,4,6,3,4,3,2,3,3,4,4
AF-5495BF12B4,5,4,4,5,4,5,4,4,2,3
AF-0CA96F5218,4,5,5,4,3,3,2,1,5,4
AF-27800CCF31,5,5,5,4,2,2,2,1,5,4
AF-25AC913C63,4,5,6,6,4,4,3,4,4,5
AF-8F1186AA9D,5,6,5,5,4,4,4,3,7,6
AF-FE827538B4,5,4,4,5,2,1,1,2,4,4
AF-8264AFF768,6,6,6,4,5,4,4,4,3,2
AF-0BE48FF27F,5,5,5,6,4,6,4,6,4,5
AF-3D1827CA97,4,5,5,4,5,6,5,5,5,4
AF-CB6DAEA47C,4,4,3,3,4,2,2,1,3,4
AF-2766DA3912,5,6,6,6,4,3,6,3,2,3
AF-158AEACECF,5,6,7,4,4,4,4,4,4,3
AF-31846F2740,5,5,5,3,2,2,3,2,3,2
AF-B865AC68B8,4,4,4,4,5,5,5,5,3,4
AF-06953068FD,6,7,7,6,4,5,7,6,4,4
AF-A16A59BF40,3,4,4,2,3,3,3,3,4,4
AF-08AE35D132,5,5,6,5,3,4,4,4,4,4
AF-3657255DA5,6,6,7,5,3,4,3,2,3,4
AF-900F1AAC08,3,4,4,3,3,4,3,4,5,4
AF-B4F7F766FE,6,6,5,5,1,3,3,3,4,3
AF-887AD8C467,4,3,4,3,5,5,5,4,3,4
AF-7E033842E2,3,4,4,4,2,2,2,3,5,5
AF-47DD2669D9,5,5,5,5,4,3,3,3,5,5
AF-946C2AC3B0,5,4,5,3,5,3,2,4,2,3
AF-646E8D15A2,7,7,6,7,4,3,4,4,6,7
AF-771D836FA3,4,5,4,4,2,3,4,3,7,6
AF-5726AA5B69,5,5,7,4,7,6,5,7,5,5
AF-F1AE71CD27,5,5,5,5,2,4,5,3,5,2
AF-C9CBEEA8D8,7,6,6,7,4,4,5,5,6,6
AF-DC91E7DC07,4,4,4,4,5,4,4,3,2,3
AF-79AF3DC633,6,5,5,5,3,4,3,3,4,5
AF-7286602DA8,5,5,6,4,3,5,4,5,4,2
AF-1CF8D4F535,5,4,5,4,5,5,5,5,3,3
AF-6044142FC9,6,6,6,5,4,1,5,3,5,4
AF-2F95F1C24B,6,6,6,4,6,5,7,7,6,7
AF-6031C61A44,5,6,5,4,3,4,2,4,5,4
AF-0FEF8001D4,5,6,5,6,4,4,5,4,4,4
AF-90A22B1047,6,3,4,5,6,3,4,5,3,3
AF-99901FA73C,5,5,4,5,1,2,3,2,4,2
AF-8E007AC831,6,6,6,4,5,5,6,7,4,4
AF-793B7228F8,5,6,6,5,5,4,6,4,5,4
AF-DB4A0EB5D7,2,4,4,5,4,4,3,5,3,3
AF-E252B9DEB0,5,5,5,6,3,4,6,3,4,4
AF-059CA66583,4,4,4,3,4,3,5,5,3,3
AF-F2BC9C6A4A,2,3,2,4,4,4,4,5,2,2
AF-C47B01CF84,4,6,6,4,6,6,5,7,5,4
AF-A5BCAA21AA,6,6,5,6,7,4,5,5,3,4
AF-A9542529D0,4,5,5,5,6,4,4,4,3,3
AF-BFE4BEF742,4,3,4,3,5,4,4,4,6,5
AF-BBCABD4F64,4,5,5,3,3,2,3,3,2,4
AF-04DBEBA3C5,6,6,6,6,4,4,4,3,2,2
AF-3B299DF653,6,7,7,4,6,5,4,4,4,4
AF-B2117015C6,3,5,5,6,4,4,4,4,4,5
AF-B6A480694B,4,3,3,4,3,4,1,4,4,5
AF-C06997C531,4,5,4,2,3,4,3,3,2,3
AF-BA66C3835B,6,5,6,5,2,3,5,2,5,5
AF-53D9381CF3,5,5,4,3,4,2,2,1,3,5
AF-4751412723,5,6,6,5,2,6,5,5,4,3
AF-BBD69AADDF,7,5,6,4,5,5,6,6,5,4
AF-A53B452B11,5,5,5,5,5,5,5,5,2,4
AF-CAA11DA12E,4,5,5,3,3,7,7,6,3,4
AF-3EB5B4557D,3,4,3,3,2,3,3,2,3,4
AF-80579ABDDC,6,5,6,4,5,4,4,4,3,3
AF-7F077038DA,4,5,4,6,5,6,4,5,5,4
AF-F42F27000D,6,7,6,4,5,5,4,5,4,4
AF-0EF78F399C,5,5,5,6,3,2,3,2,4,4
AF-29C3C53493,3,3,3,5,4,3,4,4,4,4
AF-394723D4CA,6,6,6,5,3,3,4,4,5,4
AF-B09FB446E3,5,6,6,4,4,4,5,6,5,5
AF-9655F1CE81,4,5,5,3,3,4,3,3,4,5
AF-5503C9A8B6,3,3,3,5,3,2,3,2,3,3
AF-977879AE34,3,4,4,4,2,3,5,4,3,3
AF-6BD9730D51,4,5,6,6,5,5,7,7,3,4
AF-E4411B9DA3,4,5,4,6,5,4,3,5,4,4
AF-69E234ECF6,6,5,6,3,3,4,3,3,2,3
AF-82598CD404,5,5,6,4,3,5,2,4,4,4
AF-2C5E0CD6CB,6,6,6,4,4,4,4,5,7,6
AF-F8B3798CFF,6,5,6,4,5,5,6,6,6,6
AF-10CB24817B,5,5,5,6,4,3,4,4,2,3
AF-664C935608,5,4,5,6,2,4,2,2,4,3
AF-BA6218848A,5,5,5,4,4,5,4,7,4,4
AF-BEE709EF3C,4,4,5,3,3,4,5,4,3,4
AF-6778112FE1,5,4,5,3,2,1,2,2,5,5
AF-9B38096B16,4,5,4,4,5,3,3,4,3,5
AF-2716298DF0,6,6,6,5,4,5,6,5,6,5
AF-DDAC028467,5,3,4,3,3,2,6,4,3,5
AF-B26803DFB9,4,4,4,5,5,5,4,5,3,4
AF-22BE0089F9,5,7,6,5,6,7,6,6,6,6
AF-FF88D0731A,3,4,4,4,4,3,3,4,3,5
AF-0CB99E2C3D,5,6,4,5,4,4,5,5,5,5
AF-06E796FFEA,7,5,5,4,3,4,3,3,6,6
AF-BFACCABAAF,5,5,4,4,4,2,4,2,6,3
AF-3AF0E48B90,7,6,6,6,5,4,7,7,5,5
AF-EC06C49A1E,5,7,7,5,5,5,5,5,5,4
AF-5C7EC9EFC8,4,5,5,5,5,4,5,5,4,5
AF-4EC82DA97D,4,6,6,5,7,5,5,6,6,6
AF-7826A82F9C,3,4,4,6,4,2,4,4,4,2
AF-BBA4AD9A29,4,5,5,3,4,4,4,4,5,4
AF-71240194AA,5,5,7,5,5,3,6,5,4,4
AF-41088CF5D8,5,4,4,5,4,4,3,2,6,5
AF-BF2AA16B02,6,5,5,6,3,3,4,2,4,4
AF-F5AF38DE4D,7,6,7,5,4,5,6,7,6,5
AF-5ED170D014,4,6,5,5,4,6,6,5,7,5
AF-6659B1026E,5,5,5,4,6,6,4,6,4,3
AF-9924F174D9,4,4,4,5,1,2,2,2,2,2
AF-45E34ED468,6,6,6,4,3,3,4,3,5,6
AF-456DBCBD82,4,5,5,5,2,4,3,3,2,3
AF-3D8B6C1E09,4,5,4,4,7,6,6,5,5,4
AF-B17A0635D6,4,5,6,5,3,2,3,3,3,3
AF-61D4F0275F,5,5,5,5,2,4,4,3,4,5
AF-975B6BDE94,6,6,6,6,4,3,4,5,2,2
AF-C2E44A7EF9,5,5,5,4,4,4,4,4,6,6
AF-C1A4896EF2,6,6,6,5,6,5,5,5,4,4
AF-17229F8639,4,5,6,5,3,3,3,4,6,6
AF-EEA32A92A8,5,6,6,5,5,6,6,6,5,4
AF-5CEC3B7B77,4,4,3,3,4,4,2,2,3,4
AF-95C66B4A9F,5,4,5,4,4,5,5,4,6,5
AF-FD64D12480,4,4,4,4,4,2,4,2,2,2
AF-1414D8F783,5,6,6,4,6,5,6,6,3,3
AF-49B98FC918,5,4,5,5,2,4,4,4,4,4
AF-A7795441E2,2,3,3,2,4,3,4,2,3,4
AF-76BBA056AB,5,5,5,3,4,4,4,4,5,5
AF-C1D4C0AE84,5,5,5,4,6,6,6,6,3,3
AF-6461685C3C,4,3,4,3,4,5,4,5,4,4
AF-1026E625A3,3,4,4,2,4,3,2,3,5,4
AF-1B195FCA16,5,5,6,5,7,7,5,7,5,5
AF-E14DC17E78,4,4,4,4,4,3,3,3,6,7
AF-D5545C86D5,6,7,7,6,4,4,6,5,4,3
AF-752BBBE3E8,4,4,4,4,3,5,4,3,4,4
AF-B76471C88F,6,6,6,6,3,3,4,3,3,4
AF-ADA410271E,4,2,3,2,6,5,5,4,2,1
AF-FBF5B7FB5B,6,7,6,7,3,2,2,4,2,3
AF-D6DDD71315,6,7,7,7,4,5,5,5,6,4
AF-2AC349106C,5,6,7,5,3,3,2,3,4,4
AF-B7402D83BE,3,5,5,4,3,4,3,4,4,3
AF-600BB58746,3,3,4,4,3,2,2,3,5,4
AF-3F4CB2F03C,7,7,5,6,6,6,6,7,4,4
AF-411A35070F,5,4,5,4,4,4,3,4,3,4
AF-C76051026A,3,3,3,2,5,6,4,5,6,5
AF-AD04FBE72A,4,5,4,5,5,5,5,5,4,4
AF-B8AE9590A6,4,3,4,3,5,6,5,4,6,4
AF-E51BBBA74D,4,5,5,3,5,3,3,2,1,1
AF-57809F6A2C,5,4,5,4,4,3,2,2,2,4
AF-7F94C3FD21,4,5,5,3,5,6,5,5,4,4
AF-064EE74A7A,6,5,6,5,4,5,7,6,4,4
AF-F651274BD0,5,5,4,5,1,3,2,1,5,4
AF-B8336155FF,5,6,6,5,4,5,6,5,4,4
AF-68C90610D5,5,5,5,3,3,4,5,3,4,4
AF-1E52CA2E4F,4,4,4,4,2,2,3,2,4,3
AF-210A4263F3,3,4,4,4,6,4,3,5,3,3
AF-D63E2893EC,5,4,4,4,4,2,3,4,6,6
AF-84C284C488,6,5,6,6,3,5,6,4,2,2
AF-EA6C039823,5,4,5,5,5,5,5,5,3,3
AF-D3A901A139,5,5,6,3,3,3,5,3,5,6
AF-D2CFE82CF0,6,5,7,4,6,6,4,5,5,5
AF-EE8EE096FF,4,3,5,5,2,2,2,2,3,3
AF-D60E0395A7,5,7,6,5,1,2,1,2,3,4
AF-CCA56DB742,3,4,4,3,5,5,5,5,3,3
AF-7425A4BA73,3,3,4,3,5,4,5,5,4,4
AF-94BFB9A14F,4,5,5,6,4,4,3,4,4,5
AF-8BA1F283B6,5,5,4,5,3,2,4,3,5,5
AF-4964E872B3,6,5,5,4,3,5,4,3,2,3
AF-BC7AF3562A,5,4,4,5,3,4,4,3,3,3
AF-C43A2C0728,5,6,6,5,6,6,5,6,5,6
AF-450CD59F6A,6,6,5,5,4,5,4,5,5,5
AF-97D3FFD809,4,4,5,5,4,4,3,3,6,5
AF-04D0F10B98,5,5,5,4,5,3,3,3,3,5
AF-D58924D2B0,5,5,4,3,1,1,3,1,2,3
AF-D4812056DA,5,4,4,4,6,4,5,5,4,4
AF-143CB2A0E2,6,6,7,5,2,3,3,4,6,6
AF-CCC266A90D,5,6,4,6,6,4,6,5,4,5
AF-0D057E3DE5,5,7,6,6,3,4,3,4,3,4
AF-C93EC18D53,4,5,5,3,4,4,3,3,7,6
AF-B3125BD73A,4,5,4,6,3,5,4,3,4,6
AF-B7AB9D06AE,5,3,4,2,5,2,4,3,1,3
AF-E6B1572580,5,5,6,4,2,4,4,4,7,5
AF-8462CBCD11,6,4,3,4,3,3,3,2,4,6
AF-6048248F7E,7,6,6,5,6,5,5,6,4,3
AF-A1CFD4FB2C,6,6,6,5,4,5,6,7,4,3
AF-73F2EAC649,4,6,5,6,4,4,6,5,3,4
AF-4A5049FDAB,4,4,4,3,4,4,2,3,3,4
AF-873F9F3CFE,4,5,4,4,5,5,6,6,4,3
AF-84880B8446,4,3,3,5,3,2,3,4,5,6
AF-B73B717D4A,6,5,4,5,3,4,4,4,4,6
AF-1F0102AF9E,4,4,4,3,5,5,4,6,3,4
AF-5F45F8E1B7,2,3,3,3,3,3,3,3,3,3
AF-A8BA719393,4,5,5,5,3,4,3,4,6,6
AF-D68A3F1010,4,4,4,3,1,1,2,2,4,5
AF-410E6E8E11,4,5,4,2,5,6,4,6,2,3
AF-B6CE9C5AFC,3,4,4,4,5,6,5,4,3,4
AF-14C1F00E40,4,5,5,4,6,4,4,3,5,5
AF-A3CF75FE5F,5,5,5,5,5,6,5,6,5,4
AF-B4875A483E,5,6,6,4,6,4,4,4,7,5
AF-ECFDDC9758,7,6,6,6,4,5,5,4,6,6
AF-2CFBB16FDC,5,5,5,5,5,6,7,7,4,3
AF-9F4D3130C3,5,6,5,5,2,5,4,4,3,2
AF-E810EC3CBE,3,4,3,3,7,5,4,4,2,2
AF-2373DEFEFF,7,6,6,6,3,4,4,4,6,5
AF-861F059B5E,4,4,4,6,4,2,4,3,2,2
AF-E157D93074,6,5,5,5,5,5,7,6,5,5
AF-3E86F37048,6,7,5,4,5,4,3,5,3,4
AF-8A05485085,3,2,3,4,4,3,3,1,2,1
AF-4873F34A84,4,4,5,3,3,3,3,3,5,5
AF-4C7273FFED,4,4,5,5,3,3,2,3,2,2
AF-C96BAE872D,5,5,5,5,3,3,3,2,2,2
AF-73A82986B4,6,6,6,4,3,3,2,4,6,4
AF-EFCDCAADF4,4,3,3,3,4,7,5,5,5,4
AF-38C2B6EB67,6,6,6,5,4,5,3,5,3,4
AF-9B396B4AC8,5,5,6,6,2,5,4,4,7,7
AF-F205E2718D,4,4,4,3,4,5,5,4,4,4
AF-B5451C7FBC,7,6,6,7,5,5,3,5,7,6
AF-3A97ABB22B,5,4,5,5,3,3,4,3,4,5
AF-EDE444A92F,3,4,4,4,4,5,3,5,4,4
AF-19D6808718,5,6,5,5,5,4,3,3,3,2
AF-11372DB658,4,4,4,6,4,3,2,4,2,3
AF-33757C42FE,5,5,5,5,5,5,5,6,6,5
AF-6589720021,2,3,4,4,4,3,4,4,4,3
AF-55F2EBDC8C,4,4,4,3,6,4,3,5,1,1
AF-4BC871B236,4,4,3,3,2,4,5,3,3,5
AF-2B0497B464,5,5,6,6,3,3,4,3,4,4
AF-5FCB5267D7,4,5,4,5,4,4,3,4,6,6
AF-F03361363C,5,5,5,5,3,2,3,2,4,4
AF-F7815FC299,6,6,5,5,5,4,6,7,7,5
AF-E4E53CE38A,6,5,5,3,4,3,3,3,5,5
AF-FB1D6759B9,6,5,5,4,5,4,5,4,4,5
AF-9B339FE3D7,4,4,5,4,2,3,5,4,4,4
AF-627DE66A57,4,5,5,4,4,3,5,3,2,4
AF-05B986C441,5,6,5,4,3,3,1,2,6,7
AF-6CF7ED4E31,5,4,4,4,3,3,5,3,2,4
AF-00BC714C5D,6,5,5,6,5,4,4,4,5,5
AF-F06C58B2ED,5,3,4,4,3,2,3,2,3,3
AF-18E12F0877,4,2,2,3,1,2,1,3,3,2
AF-34F4154B2A,6,6,6,7,4,2,3,3,3,4
AF-9AEC85D6A7,5,7,6,5,5,5,4,4,5,6
AF-726BAB374E,5,5,5,4,3,2,2,2,3,4
AF-D65191B26C,5,6,6,4,4,6,7,6,5,5
AF-C950718288,3,3,3,5,3,5,5,5,4,4
AF-5F0A0060C9,4,5,5,6,5,4,5,5,2,3
AF-7B0CB7D7CC,4,3,4,5,2,3,2,1,5,4
AF-0310578487,5,4,5,4,4,2,3,1,1,2
AF-A815B06120,6,5,6,5,3,3,4,5,5,4
AF-60831D4818,4,3,4,5,3,2,4,2,5,5
AF-6A0BDB3C30,6,6,6,4,4,6,4,4,5,4
AF-811B34569C,4,4,4,4,4,4,2,2,2,4
AF-FCAD3EDDDB,5,6,7,6,4,4,3,3,5,4
AF-67613077CA,7,5,6,5,5,6,6,7,5,5
AF-783CEED859,2,5,4,4,5,5,5,5,2,2
AF-A333470BFF,4,3,4,5,5,3,4,4,5,4
AF-1A96AEB0B6,4,4,5,6,4,4,4,4,5,5
AF-9B97A27F79,3,5,4,4,2,4,3,3,3,2
AF-2942AC1745,4,3,4,5,4,4,4,4,6,5
AF-EE99C4E2F9,5,5,4,5,2,4,3,4,2,3
AF-D39637D5B4,7,7,7,4,5,6,5,6,7,4
AF-12FA143294,6,5,6,4,7,5,5,5,5,5
AF-4A63AFC2B0,6,6,6,6,3,3,4,2,5,4
AF-D17BE07C0D,5,6,7,4,3,3,3,4,6,5
AF-063B0A5E2C,4,4,3,2,4,1,2,2,2,3
AF-C245DC3177,3,3,3,5,2,2,3,1,2,2
AF-C40C492835,6,6,6,6,4,6,7,4,3,4
AF-DA76A4ED37,4,5,5,4,3,3,3,3,7,6
AF-3120763946,3,4,4,4,1,3,3,3,5,3
AF-051D3F8133,7,6,6,4,5,6,5,6,6,7
AF-EE669B5438,3,4,3,4,3,4,3,3,2,2
AF-B45736132B,5,5,6,5,5,6,6,6,6,5
AF-863C2B41ED,6,4,4,5,4,5,4,4,3,4
AF-28ABDB39A6,5,5,5,5,4,4,4,3,4,4
AF-508613CFE6,5,4,4,4,5,4,2,3,4,4
AF-51C31238CB,4,4,4,3,4,3,4,3,4,4
AF-F460442BFB,5,4,5,4,3,5,5,4,4,4
AF-96B11E01C7,5,5,5,4,2,4,3,3,3,3
AF-508301F7A4,4,5,5,5,5,3,5,4,3,3
AF-3C8BF629BC,6,5,6,4,5,5,5,5,5,5
AF-BDA0BD8B3A,5,6,6,4,6,3,3,3,1,2
AF-51866E949E,4,5,5,4,4,3,6,4,4,4
AF-E8A89D0519,6,6,7,6,4,5,6,5,5,5
AF-CFCA38D54A,4,4,4,5,4,4,3,5,2,2
AF-6ABC201CF7,5,6,5,3,3,3,3,4,7,4
AF-41C7FA0A20,5,4,4,4,4,4,5,6,3,4
AF-67199B8249,5,4,5,6,5,6,5,5,6,5
AF-8CC0E4BAC9,4,3,4,5,4,4,3,4,3,3
AF-E17825CED2,5,5,5,5,4,4,3,4,5,5
AF-DD6658753A,4,4,5,4,3,3,3,2,6,6
AF-7168C9948C,4,4,3,5,2,1,3,2,5,5
AF-DF9D95D570,5,5,5,4,1,3,3,3,5,4
AF-D6874836A0,4,5,4,5,4,4,3,3,3,4
AF-B6AA621009,3,4,4,6,4,4,6,5,4,4
AF-A5B3697FB4,4,3,4,4,2,3,4,2,3,3
AF-896C5F3793,5,6,5,4,3,3,3,1,4,4
AF-BC2E7E9522,4,5,4,5,2,4,2,4,5,5
AF-56F4273020,3,4,4,3,3,3,2,3,3,4
AF-015C0ED11F,3,4,3,2,4,5,5,5,2,3
AF-AA67DE87B4,5,6,5,4,5,5,5,3,3,4
AF-4A517DC606,5,4,4,7,4,6,6,5,3,4
AF-109665EFBB,5,6,6,6,3,4,4,2,4,3
AF-09BA2BDDC8,5,5,5,5,4,3,5,3,2,3
AF-54C581C079,4,4,3,3,4,2,5,4,3,2
AF-8519E2EC4B,6,6,6,6,2,3,3,3,6,4
AF-89CA51108A,6,4,5,6,5,5,5,5,6,5
AF-973F075E1B,6,5,5,5,6,7,7,5,5,4
AF-7BDAD8F932,4,4,5,4,6,5,4,5,4,5
AF-3F7F9DC5F1,5,3,4,5,4,2,5,4,3,3
AF-5057911E8E,4,6,5,4,3,4,3,3,5,5
AF-FA61232878,6,6,6,3,6,5,7,6,5,5
AF-26725729A2,6,5,5,5,5,4,4,6,5,4
AF-50BC47A6C5,5,4,5,5,2,2,3,3,6,6
AF-F3702708F3,5,3,4,6,2,3,4,3,3,3
AF-F98BFAF0F4,4,4,5,6,2,4,3,3,2,3
AF-7B47FAD197,5,5,5,3,5,3,2,3,4,4
AF-DE402FBFD6,4,4,3,5,3,2,2,3,4,4
AF-7C70190008,5,4,5,6,4,5,6,4,4,5
AF-F43DBABDC9,3,4,3,4,5,5,5,5,2,1
AF-6E7ADDFE8E,5,5,7,5,4,5,5,5,6,5
AF-C0BC49E0DD,4,4,5,4,3,1,2,1,3,4
AF-FEB5BD5D9D,5,5,5,5,2,4,2,3,2,1
AF-2773ADC12A,6,5,5,5,3,5,6,4,5,4
AF-063725924D,5,5,5,4,6,4,4,5,6,5
AF-9E7489D6B8,5,5,4,6,4,3,4,3,3,2
AF-C6A3BFEBC0,5,5,5,3,5,5,4,4,5,4
AF-73A51A19A8,5,4,5,3,4,3,3,3,4,5
AF-1A078F03DE,6,6,6,4,6,5,5,5,5,5
AF-344FFC8646,5,5,4,4,4,4,4,3,4,3
AF-3005BC14AD,4,3,3,5,3,4,4,2,2,1
AF-652002CCB4,6,5,5,4,3,3,2,2,4,3
AF-333B9067DB,4,4,5,5,4,6,4,5,4,3
AF-118042060B,6,6,6,6,4,4,3,5,3,3
AF-A1D89D1E17,5,6,5,6,1,2,1,2,3,4
AF-71DE95CC9E,5,4,5,3,4,3,3,3,6,6
AF-E304D4E58A,6,6,6,7,6,5,5,5,4,4
AF-00FA2D2BC6,5,5,6,6,4,5,5,6,4,4
AF-C2C72E4F69,4,4,4,2,2,3,4,2,5,6
AF-9E1E2EACC0,4,4,4,5,4,3,3,3,3,4
AF-37BE65B678,5,5,5,4,3,2,2,3,4,5
AF-3481B694D0,4,4,3,4,7,6,5,6,5,4
AF-7DDE00B981,6,5,5,6,4,5,5,6,4,5
AF-EEC77204DC,3,4,4,5,3,6,4,4,2,3
AF-89D81DE43B,5,5,6,5,7,4,4,6,4,4
AF-AC748947E0,5,6,5,4,2,2,3,2,4,3
AF-E233B7A0A7,5,5,5,6,6,6,5,6,3,3
AF-CE7F276EB8,5,5,6,6,5,5,3,4,6,6
AF-313D47FAE8,4,3,4,5,1,2,4,2,5,4
AF-0DFE1A6CDC,5,4,5,4,3,3,2,3,3,5
AF-763D1AE32E,5,4,4,4,4,3,4,4,4,4
AF-25D59959DF,4,4,5,4,3,5,4,4,6,6
AF-E54814A591,5,5,5,4,3,3,3,3,6,5
AF-57A3CA65E8,4,4,4,3,2,2,3,1,1,2
AF-553ACB8B1B,5,6,4,3,4,3,4,4,4,4
AF-785C76ACA5,3,3,4,5,3,2,3,3,2,2
AF-EDC9062F13,5,5,6,5,5,4,4,4,1,2
AF-EBD5DE8DBC,4,4,5,3,5,5,4,4,5,5
AF-A963AD08D2,4,5,4,5,3,2,3,2,3,5
AF-8B0B040615,5,5,5,5,4,3,4,4,3,2
AF-2D0CAF1507,5,5,5,7,4,5,4,5,6,5
AF-D01CA12D7A,6,5,5,4,3,4,4,4,6,5
AF-DAA504E9E4,4,3,5,5,3,5,3,4,3,2
AF-4786E9AFE4,5,6,4,3,4,5,4,5,6,6
AF-3650CA33C1,5,7,6,4,5,3,3,4,6,6
AF-E8DC663CE9,5,6,6,6,2,4,5,3,6,6
AF-A50691A828,3,3,2,3,2,3,3,3,1,2
AF-388E6F4188,5,5,6,4,7,6,6,6,3,3
AF-CC61FCCE2F,3,5,5,4,2,1,1,1,4,5
AF-7730FD8905,4,5,5,3,4,5,4,5,5,4
AF-8D4685AD67,5,6,5,4,3,4,6,4,4,3
AF-0B4AC5DB6A,5,4,4,4,3,5,3,4,5,5
AF-666FF1AF72,5,4,4,5,3,3,3,3,3,4
AF-AB085FFE9D,3,3,4,4,4,4,5,5,5,4
AF-C487B546D4,6,5,5,3,3,3,3,3,4,4
AF-DCE9CF55E3,4,4,3,5,6,4,3,3,4,4
AF-888DAD15D5,5,6,5,5,3,2,2,2,5,4
AF-5A65CCA561,5,5,4,4,4,3,3,2,2,2
AF-6C34A76A92,4,4,4,3,2,2,4,1,2,1
AF-E6C403B3D1,4,4,4,4,3,3,3,3,5,4
AF-39084F7A21,5,5,5,5,5,5,4,6,3,5
AF-B6A9ABC3B4,5,4,4,5,5,7,7,6,4,3
AF-4ECA50849E,5,7,7,5,4,6,5,5,7,6
AF-E1E0CC4964,4,5,5,3,4,2,4,3,5,3
AF-603AD841D5,4,4,4,6,4,2,4,5,3,3
AF-2424356104,5,6,6,5,5,4,2,3,3,4
AF-31D143245D,5,5,6,6,5,3,4,2,3,4
AF-FD7B174E7D,6,5,6,5,5,5,5,5,4,4
AF-B1E9529394,3,4,4,4,2,1,3,3,3,4
AF-7FF96A0E40,5,5,6,5,4,3,3,3,5,5
AF-4A902DE8AB,5,4,4,4,4,4,3,4,6,5
AF-74C32E08F3,5,4,5,4,5,4,5,5,6,6
AF-7ED928D619,6,7,6,3,5,4,6,5,2,3
AF-1B37904844,6,5,6,4,4,3,4,3,2,2
AF-AFE492EFA8,4,5,5,4,3,5,5,5,5,4
AF-EF380CD6EF,5,4,5,4,3,5,3,3,3,3
AF-6CB5A19644,5,5,5,7,4,5,3,3,3,3
AF-20A9CA7871,5,6,6,6,5,4,6,3,2,2
AF-F400E58470,5,6,7,5,3,3,4,4,3,2
AF-F09419F9A4,5,6,6,6,5,4,4,4,2,2
AF-209893DA06,5,4,5,5,4,5,4,6,3,4
AF-E0A8AA3606,5,4,4,4,3,5,3,5,3,3
AF-D5A6C63BAF,7,5,6,6,5,5,4,5,5,4
AF-AA97544E0C,6,6,6,6,3,5,2,3,6,5
AF-DB248B5054,3,4,4,5,3,2,4,3,5,4
AF-DAAB6FFE3D,5,5,6,6,4,4,5,5,1,4
AF-4AFBC4265B,5,5,5,5,4,4,4,5,4,3
AF-767FCA3290,3,2,3,5,3,2,2,1,5,4
AF-12B11DAE37,5,6,6,5,5,4,6,6,5,4
AF-E643716928,3,4,5,3,1,1,1,1,4,4
AF-61B7EE7B98,5,4,5,4,6,3,3,4,4,5
AF-851DB5B373,5,4,4,4,4,4,4,5,4,4
AF-D4A8A1E4BD,4,5,5,3,5,6,4,5,6,5
AF-5987FC9E2D,3,3,3,2,3,4,3,3,3,3
AF-992B008339,6,6,5,5,3,4,4,5,5,5
AF-2D318F03BF,3,4,4,3,5,4,2,3,3,3
AF-5D576E670F,6,5,5,5,2,3,3,2,3,3
AF-38D0EEF4F8,5,6,6,5,5,4,3,5,5,4
AF-0CA63A9E97,6,6,6,5,5,5,4,4,3,3
AF-1D477AE65D,4,5,5,4,3,4,2,3,2,2
AF-F3C8510AA6,5,4,5,5,3,3,5,2,4,5
AF-4D054E41A1,4,5,6,6,4,3,3,2,3,3
AF-19E26A1D9B,5,5,7,7,6,5,5,5,5,6
AF-22BA54B7D7,4,4,4,4,4,4,4,3,5,3
AF-FF0A5628C3,5,5,5,7,7,6,6,6,5,4
AF-98C34A97B2,6,5,6,4,4,3,5,4,6,6
AF-F111EFA00C,6,7,6,6,4,4,3,4,7,7
AF-6F90121F11,3,5,5,5,3,1,3,2,6,5
AF-130B2A515C,4,4,4,6,5,3,4,4,5,4
AF-6208D16BFB,4,5,5,5,5,4,2,4,3,4
AF-643B8C46A6,3,4,3,4,5,3,3,4,4,3
AF-73B3943BA2,7,6,7,6,4,7,6,7,6,5
AF-97CD301DFB,5,5,6,3,4,5,3,4,3,4
AF-D0668D260E,5,4,5,4,4,4,4,4,5,5
AF-6CD6EA2806,5,5,5,5,4,6,4,5,3,2
AF-1FE768FF76,3,3,3,3,3,2,3,2,1,1
AF-4E051C1234,4,3,4,5,3,2,3,3,2,3
AF-B4C295C57A,4,5,5,4,3,3,4,3,5,3
AF-18E8F708B2,5,6,5,5,4,3,5,4,6,5
AF-00518C1731,4,4,5,4,3,4,4,4,6,4
AF-956EFE21E3,5,6,5,5,5,7,6,7,3,3
AF-85E44E732B,6,6,4,6,4,5,5,2,4,3
AF-4FA4691EDF,3,4,4,4,4,6,3,5,5,5
AF-1ADD769D07,4,4,3,1,2,3,4,4,3,3
AF-D26D1F6C4C,4,4,5,4,3,4,2,4,7,6
AF-499D2E6E40,6,4,4,3,3,3,3,2,4,4
AF-EB834A9CC6,5,6,6,6,7,6,5,6,5,5
AF-5E3EAD4383,4,3,4,4,6,4,4,4,5,5
AF-A40362A298,3,5,4,4,3,4,3,4,3,3
AF-DD73ADE7FD,5,4,4,2,4,5,4,4,2,2
AF-D274A3FBF1,4,4,5,5,3,5,3,3,7,6
AF-B5DF7AE365,5,4,4,4,3,4,3,4,3,2
AF-E94D66D8D3,5,5,5,3,4,4,6,6,6,6
AF-02A35A9D15,6,5,6,5,2,3,3,3,7,7
AF-567C070403,4,4,5,4,3,2,3,2,4,4
AF-CF6B499188,3,4,5,3,6,7,6,7,4,3
AF-C2D0DB0134,6,6,6,5,6,5,7,5,5,5
AF-1CFB2E5001,5,6,4,5,4,3,4,3,3,3
AF-C9F39C1ED2,3,3,4,3,4,4,4,3,3,4
AF-E91D4B70F7,5,5,6,7,2,4,4,3,7,6
AF-03D634CA98,4,5,4,4,4,3,2,2,3,3
AF-D4E8FBC71F,6,5,4,4,5,4,4,5,4,4
AF-FAC61A9EE0,4,4,5,5,3,3,5,4,3,3
AF-D4888DA03A,4,4,4,4,3,3,5,4,4,5
AF-B5037B172D,5,5,5,6,5,6,6,6,5,6
AF-31A188280B,7,4,6,5,6,7,6,6,6,5
AF-57CBA26542,4,4,4,4,3,2,2,2,2,2
AF-9DCE1913BB,3,4,5,4,4,4,3,3,5,3
AF-CA66B53950,3,5,5,4,5,7,6,6,2,2
AF-1E7698366F,5,3,3,4,3,1,1,1,1,2
AF-528946D5C2,4,5,4,3,3,4,4,5,3,3
AF-41E7C879CB,6,6,6,4,4,4,4,4,5,5
AF-7E9BA07756,3,4,4,5,4,3,4,5,2,5
AF-B0F438B681,5,5,4,4,3,6,5,4,4,5
AF-176304C7EC,5,5,6,5,3,3,2,3,5,3
AF-00FE5CFD46,4,4,4,4,4,5,4,3,4,3
AF-9E21B67652,4,4,6,5,5,5,5,5,4,4
AF-7B67FE5C6E,4,5,5,5,4,4,4,3,5,5
AF-84677026B7,5,4,3,3,5,6,7,4,6,5
AF-5D71B1690F,5,5,6,6,4,4,3,3,4,4
AF-5A1ABBCCE9,5,5,5,4,2,5,5,4,2,3
AF-3E62E6665C,6,5,5,6,3,4,4,4,4,4
AF-D9326E0A8A,5,5,5,4,6,4,4,6,4,4
AF-F4E6EAE2E4,6,7,6,5,5,4,6,6,5,5
AF-59542D6595,5,4,5,4,4,4,5,5,3,4
AF-BED79B928A,5,5,5,3,3,4,4,4,3,2
AF-F82DFE8137,4,4,4,4,3,2,3,3,4,4
AF-B367780174,5,5,4,4,4,5,4,4,3,4
AF-9EA547B4B8,4,3,4,5,6,4,5,4,5,4
AF-A9D038F2CA,6,5,5,4,4,3,3,3,3,3
AF-BE4F399505,4,4,4,4,4,3,3,4,7,7
AF-6D0E90AC99,5,5,4,5,5,6,6,5,4,3
AF-999742BD15,5,4,4,5,4,3,2,2,4,4
AF-F2C8071FFD,5,5,5,6,5,5,7,6,7,5
AF-675978FEF2,6,6,6,6,4,4,3,3,6,6
AF-7490BA31EB,6,6,6,4,6,5,4,5,4,5
AF-2943D09E9B,5,6,6,6,5,6,6,6,6,6
AF-A163928B6B,5,6,6,5,4,4,4,4,3,3
AF-7D3DDDC97E,5,4,4,4,4,2,2,2,3,3
AF-579F310140,7,7,6,3,7,6,6,6,6,5
AF-7517792768,7,7,7,5,6,4,5,5,7,7
AF-BEF8E6C02E,6,6,5,5,3,3,3,3,4,3
AF-A07E59016D,3,3,3,4,2,1,4,2,3,4
AF-20F26FED39,4,4,4,2,4,4,3,4,3,3
AF-971986CA93,6,6,7,6,7,6,7,7,6,5
AF-7A61605A98,6,5,6,5,3,2,2,3,4,4
AF-EAB0CDA669,4,4,5,2,3,2,2,3,3,3
AF-97C0977F8F,4,3,4,4,6,5,4,5,4,3
AF-3A22B90256,5,4,3,4,3,4,5,5,2,4
AF-6EAC1C4E52,5,4,5,4,6,5,7,6,5,4
AF-9440E8980A,5,5,5,3,3,4,4,4,4,4
AF-AC0CFF5D63,6,5,5,4,2,2,5,3,5,4
AF-2A8FDD834A,5,4,5,5,5,5,5,5,5,5
AF-25C1C84C96,6,6,6,6,4,4,4,4,5,5
AF-ED0F0DFAB5,5,6,5,5,4,4,3,3,4,3
AF-3F4151907A,3,3,3,3,3,1,2,2,5,4
AF-2D0C7858B3,4,5,5,6,3,4,1,3,1,3
AF-4534C1FDBB,4,3,4,3,5,4,6,5,4,4
AF-0E7B8E023C,6,6,6,5,5,5,5,3,5,5
AF-742A555781,5,4,5,7,5,4,3,4,5,3
AF-A80934298E,5,5,4,4,3,4,3,4,4,3
AF-F0FDF79CFE,5,5,4,5,6,4,4,4,6,5
AF-7F70E967E7,3,5,5,4,3,4,3,3,2,2
AF-2628BC21AE,5,5,5,4,5,5,5,4,3,5
AF-BE254D0C5C,6,6,6,4,6,5,6,6,4,5
AF-0BB1EECB70,4,4,3,4,5,3,4,4,3,5
AF-86B8ED5BC8,5,5,5,5,1,2,2,1,3,4
AF-D14DF871ED,5,5,5,5,1,2,3,2,5,6
AF-D9B48CFA7C,7,7,6,7,5,6,7,6,4,5
AF-D98676D7FD,4,5,5,5,3,2,2,3,3,3
AF-314BAC5A5F,3,4,4,3,2,1,4,3,4,3
AF-9E92A11AE0,5,5,5,4,6,5,7,5,5,4
AF-D65659ABAF,4,4,4,4,3,3,1,3,3,2
AF-AB31BCBB77,5,3,3,6,5,4,4,5,5,4
AF-0931741F2F,4,5,4,5,4,2,3,3,3,3
AF-4E9B4E9B17,5,5,5,5,4,5,4,4,4,2
AF-9EBE1888BD,5,6,5,6,6,5,7,7,4,5
AF-BC3CC8F485,6,6,6,5,1,2,3,1,4,4
AF-DC3A86274E,4,5,5,5,5,4,2,4,4,5
AF-458AB9E5A2,6,6,6,4,3,3,3,4,6,7
AF-2256C2ABFF,5,5,4,5,3,6,4,6,6,5
AF-EB8E9EE952,4,5,6,6,5,5,4,3,1,2
AF-32B6B8F809,6,6,6,5,4,5,4,5,3,3
AF-69FE6522DF,5,5,4,6,3,4,4,3,5,6
AF-FABEBEC4A8,5,6,5,5,3,4,4,4,5,4
AF-CCAD65DC85,5,4,4,5,3,2,2,1,4,4
AF-BF211F57B8,5,5,5,4,3,5,4,4,5,4
AF-8A1E1404DE,4,4,5,4,3,2,3,4,7,5
AF-03762F3BB4,4,5,4,5,2,2,3,2,3,5
AF-674B505C84,3,4,4,4,4,4,3,2,3,3
AF-09F8233C0A,6,5,5,6,5,4,4,4,3,3
AF-F3E564F927,3,5,5,4,4,2,2,3,4,3
AF-49C5626CAB,6,3,4,5,4,5,4,5,3,2
AF-3E6A03AEB3,3,3,3,4,5,2,4,3,2,1
AF-15E29CC1AE,5,5,5,3,5,4,4,3,5,4
AF-5BAC285A91,4,4,5,6,6,6,4,6,5,5
AF-726A3BD3D6,4,3,3,4,5,2,4,2,7,6
AF-AE02C2287C,5,4,5,5,6,3,4,4,1,3
AF-7A0C082147,4,4,4,4,2,3,4,5,2,3
AF-C38A9A8284,3,4,4,4,4,7,5,6,4,4
AF-EB0C8B61A0,3,3,4,5,4,3,3,3,4,3
AF-483CA29082,3,4,4,4,5,5,5,4,4,3
AF-1861F92B84,4,5,5,4,4,3,2,3,2,1
AF-0ED9E9E99B,5,4,4,5,3,3,4,3,2,2
AF-39E8D4984E,5,6,6,6,5,6,4,5,5,4
AF-6D7CB56261,4,4,3,6,4,2,4,2,5,4
AF-7A21AEF599,2,3,3,3,4,3,4,3,5,3
AF-C80C626CD6,6,6,6,5,6,4,4,6,4,3
AF-4EAC975B19,5,4,5,3,5,6,5,6,1,1
AF-FB5CBC2F98,7,5,6,4,7,5,5,6,2,4
AF-262CEEA441,6,4,5,4,7,6,5,6,6,6
AF-2C86A8F215,4,5,5,5,4,4,5,5,6,5
AF-6EEC8A1495,5,4,5,5,3,4,3,3,4,4
AF-691ED90E9D,4,4,5,3,5,5,5,5,3,2
AF-0D781ADF95,4,4,5,5,4,3,3,3,4,3
AF-0854353552,5,6,6,2,5,5,5,5,5,5
AF-E3B262C636,5,5,5,5,3,3,5,4,4,4
AF-CA75C1A6E9,6,6,6,5,4,5,4,6,6,4
AF-B2B8EF2BE1,5,3,5,5,4,2,2,4,2,2
AF-CFFE1972FB,4,4,4,5,4,5,3,4,4,4
AF-5CE06EC95B,4,4,3,2,3,3,4,3,3,3
AF-F80DBCEDBE,4,4,4,4,4,3,3,4,6,7
AF-D28FFBDC95,4,6,5,6,5,2,4,4,6,5
AF-7FACB7D105,5,4,4,3,5,5,3,4,2,2
AF-E350A07C33,6,5,6,5,3,5,4,4,6,6
AF-AEB9C00739,5,4,4,5,3,7,5,6,3,3
AF-E7F9DD59D3,5,5,6,7,4,4,4,5,4,3
AF-D4860A84B1,4,5,5,7,4,6,3,4,7,6
AF-F0194A4D43,5,4,5,3,3,6,5,4,3,2
AF-E9715A55AC,4,5,5,5,3,2,3,3,6,5
AF-78F509EE80,5,6,7,4,6,4,4,3,7,6
AF-1474CF8C01,5,4,4,5,4,3,3,3,2,3
AF-DDF84C537F,5,3,3,3,4,2,3,2,2,3
AF-57CD8166FE,5,6,5,5,5,4,4,4,5,4
AF-27842FC71B,4,5,5,3,3,3,3,3,5,5
AF-72DEA88881,3,3,4,4,4,3,2,2,4,3
AF-ECAE472D86,5,7,6,6,4,4,5,5,6,5
AF-FE4ED3A507,5,6,6,6,2,4,4,3,1,2
AF-FC5F6D22B8,6,5,6,5,6,5,4,6,4,4
AF-402AD584CD,4,5,5,3,6,4,3,3,4,5
AF-33F3C6A6EB,3,4,5,4,5,4,5,4,4,5
AF-2B3AB5061B,3,3,5,4,2,3,2,1,3,3
